dataset,model,acc,time,args,source
chameleon,MLP,35.00±3.29,26.80,"{'seed': 42, 'gpu': '6', 'runs': 10, 'dataset': 'chameleon', 'source': 'critical', 'epochs': 2000, 'lr': 0.001, 'l2_coef': 0.0001, 'patience': 100, 'nhidden': 32, 'undirected': True, 'self_loop': True, 'normalize': -1, 'layers': 1, 'model': 'MLP', 'dropout': 0.5}",critical
chameleon,MixHop,44.61±3.16,29.58,"{'seed': 42, 'gpu': '7', 'runs': 10, 'dataset': 'chameleon', 'source': 'critical', 'epochs': 2000, 'lr': 0.005, 'l2_coef': 0.0001, 'patience': 100, 'nhidden': 128, 'undirected': True, 'self_loop': True, 'normalize': -1, 'layers': 1, 'model': 'MixHop', 'layers_1': [200, 200, 200], 'dropout': 0.5, 'layers_2': [200, 200, 200], 'lambd': 0.0005, 'cut_off': 0.1, 'budget': 60}",critical
chameleon,H2GCN,38.09±2.63,33.76,"{'seed': 42, 'gpu': '7', 'runs': 10, 'dataset': 'chameleon', 'source': 'critical', 'epochs': 2000, 'lr': 0.01, 'l2_coef': 0.0001, 'patience': 100, 'nhidden': 128, 'undirected': True, 'self_loop': True, 'normalize': -1, 'layers': 1, 'model': 'H2GCN', 'dropout': 0.5, 'use_relu': True, 'k': 2, 'hidden_dim': 64}",critical
squirrel,MLP,34.00±2.44,8.85,"{'seed': 42, 'gpu': '6', 'runs': 10, 'dataset': 'squirrel', 'source': 'critical', 'epochs': 2000, 'lr': 0.05, 'l2_coef': 0.0, 'patience': 100, 'nhidden': 64, 'undirected': True, 'self_loop': True, 'normalize': -1, 'layers': 1, 'model': 'MLP', 'dropout': 0.5}",critical
chameleon,GCN,41.46±3.42,36.46,"{'seed': 42, 'gpu': '3', 'runs': 10, 'dataset': 'chameleon', 'source': 'critical', 'epochs': 2000, 'lr': 0.05, 'l2_coef': 0.0, 'patience': 200, 'nhidden': 64, 'undirected': True, 'self_loop': True, 'normalize': -1, 'layers': 1, 'model': 'GCN', 'dropout': 0}",critical
chameleon,HOGGCN,38.43±3.66,42.16,"{'seed': 42, 'gpu': '2', 'runs': 10, 'dataset': 'chameleon', 'source': 'critical', 'epochs': 2000, 'lr': 0.001, 'l2_coef': 0.001, 'patience': 100, 'nhidden': 128, 'undirected': True, 'self_loop': True, 'normalize': -1, 'layers': 1, 'model': 'HOGGCN', 'nhid1': 512, 'nhid2': 256, 'dropout': 0.5, 'adj': tensor([[1., 0., 0.,  ..., 0., 0., 0.],
        [0., 1., 0.,  ..., 0., 0., 0.],
        [0., 0., 1.,  ..., 0., 0., 0.],
        ...,
        [0., 0., 0.,  ..., 1., 0., 0.],
        [0., 0., 0.,  ..., 0., 1., 0.],
        [0., 0., 0.,  ..., 0., 0., 1.]])}",critical
chameleon,GAT,40.69±3.20,42.47,"{'seed': 42, 'gpu': '5', 'runs': 10, 'dataset': 'chameleon', 'source': 'critical', 'epochs': 2000, 'lr': 0.01, 'l2_coef': 5e-05, 'patience': 100, 'nhidden': 64, 'undirected': True, 'self_loop': True, 'normalize': -1, 'layers': 1, 'model': 'GAT', 'dropout': 0.5}",critical
chameleon,ACMGCN,43.03±3.08,57.60,"{'seed': 42, 'gpu': '1', 'runs': 10, 'dataset': 'chameleon', 'source': 'critical', 'epochs': 2000, 'lr': 0.01, 'l2_coef': 1e-05, 'patience': 100, 'nhidden': 128, 'undirected': True, 'self_loop': True, 'normalize': -1, 'layers': 1, 'model': 'ACMGCN', 'dropout': 0.8, 'structure_info': 1, 'variant': 1, 'nhid': 64, 'nlayers': 1, 'init_layers_X': 1, 'acm_model': 'acmgcnp', 'nnodes': 890}",critical
chameleon,OrderedGNN,42.13±3.04,136.52,"{'seed': 42, 'gpu': '0', 'runs': 10, 'dataset': 'chameleon', 'source': 'critical', 'epochs': 2000, 'lr': 0.001, 'l2_coef': 5e-05, 'patience': 100, 'nhidden': 128, 'undirected': True, 'self_loop': True, 'normalize': -1, 'layers': 1, 'model': 'OrderedGNN', 'dropout': 0.8, 'dropout2': 0.1, 'global_gating': False, 'num_layers_input': 2, 'chunk_size': 64, 'hidden_channel': 512, 'num_layers': 8, 'add_self_loops': False, 'simple_gating': False, 'tm': True, 'diff_or': True}",critical
chameleon,GCNII,42.13±2.04,63.92,"{'seed': 42, 'gpu': '3', 'runs': 10, 'dataset': 'chameleon', 'source': 'critical', 'epochs': 2000, 'lr': 0.005, 'l2_coef': 0.0001, 'patience': 100, 'nhidden': 64, 'undirected': True, 'self_loop': True, 'normalize': -1, 'layers': 8, 'model': 'GCNII', 'dropout': 0.5, 'alpha': 0.2, 'lammbda': 1.5, 'variant': True}",critical
chameleon,GPRGNN,41.63±2.86,69.35,"{'seed': 42, 'gpu': '6', 'runs': 10, 'dataset': 'chameleon', 'source': 'critical', 'epochs': 2000, 'lr': 0.05, 'l2_coef': 0.0005, 'patience': 100, 'nhidden': 64, 'undirected': True, 'self_loop': True, 'normalize': -1, 'layers': 1, 'model': 'GPRGNN', 'alpha': 0.1, 'nlayers': 16, 'dprate': 0.7, 'init': 'PPR', 'dropout': 0.5, 'gamma': None}",critical
chameleon,GGCN,38.54±3.99,78.42,"{'seed': 42, 'gpu': '4', 'runs': 10, 'dataset': 'chameleon', 'source': 'critical', 'epochs': 2000, 'lr': 0.01, 'l2_coef': 1e-05, 'patience': 100, 'nhidden': 80, 'undirected': True, 'self_loop': True, 'normalize': -1, 'layers': 1, 'model': 'GGCN', 'dropout': 0.6, 'decay_rate': 0.9, 'nlayers': 8, 'use_sparse': False, 'use_degree': True, 'use_sign': True, 'use_decay': True, 'use_bn': False, 'use_ln': False, 'exponent': 3.0, 'scale_init': 0.5, 'deg_intercept_init': 0.5}",critical
squirrel,MixHop,41.35±1.04,51.64,"{'seed': 42, 'gpu': '7', 'runs': 10, 'dataset': 'squirrel', 'source': 'critical', 'epochs': 2000, 'lr': 0.001, 'l2_coef': 0.001, 'patience': 100, 'nhidden': 128, 'undirected': True, 'self_loop': True, 'normalize': -1, 'layers': 1, 'model': 'MixHop', 'layers_1': [200, 200, 200], 'dropout': 0.5, 'layers_2': [200, 200, 200], 'lambd': 0.0005, 'cut_off': 0.1, 'budget': 60}",critical
squirrel,GCN,37.06±1.42,55.33,"{'seed': 42, 'gpu': '3', 'runs': 10, 'dataset': 'squirrel', 'source': 'critical', 'epochs': 2000, 'lr': 0.05, 'l2_coef': 0.001, 'patience': 200, 'nhidden': 128, 'undirected': True, 'self_loop': True, 'normalize': -1, 'layers': 2, 'model': 'GCN', 'dropout': 0.5}",critical
squirrel,HOGGCN,35.10±1.81,52.47,"{'seed': 42, 'gpu': '2', 'runs': 10, 'dataset': 'squirrel', 'source': 'critical', 'epochs': 2000, 'lr': 0.001, 'l2_coef': 5e-05, 'patience': 100, 'nhidden': 128, 'undirected': True, 'self_loop': True, 'normalize': -1, 'layers': 1, 'model': 'HOGGCN', 'nhid1': 512, 'nhid2': 256, 'dropout': 0.5, 'adj': tensor([[1., 0., 0.,  ..., 0., 0., 0.],
        [0., 1., 0.,  ..., 0., 0., 0.],
        [0., 0., 1.,  ..., 0., 0., 0.],
        ...,
        [0., 0., 0.,  ..., 1., 0., 0.],
        [0., 0., 0.,  ..., 0., 1., 0.],
        [0., 0., 0.,  ..., 0., 0., 1.]])}",critical
squirrel,ACMGCN,37.60±1.70,44.50,"{'seed': 42, 'gpu': '1', 'runs': 10, 'dataset': 'squirrel', 'source': 'critical', 'epochs': 2000, 'lr': 0.01, 'l2_coef': 0.0005, 'patience': 100, 'nhidden': 128, 'undirected': True, 'self_loop': True, 'normalize': -1, 'layers': 1, 'model': 'ACMGCN', 'dropout': 0.4, 'structure_info': 1, 'variant': 0, 'nhid': 64, 'nlayers': 1, 'init_layers_X': 1, 'acm_model': 'acmgcnp', 'nnodes': 2223}",critical
squirrel,H2GCN,33.89±1.01,69.36,"{'seed': 42, 'gpu': '7', 'runs': 10, 'dataset': 'squirrel', 'source': 'critical', 'epochs': 2000, 'lr': 0.005, 'l2_coef': 0.0005, 'patience': 100, 'nhidden': 128, 'undirected': True, 'self_loop': True, 'normalize': -1, 'layers': 1, 'model': 'H2GCN', 'dropout': 0.5, 'use_relu': True, 'k': 2, 'hidden_dim': 64}",critical
squirrel,OrderedGNN,36.27±1.95,69.49,"{'seed': 42, 'gpu': '0', 'runs': 10, 'dataset': 'squirrel', 'source': 'critical', 'epochs': 2000, 'lr': 0.001, 'l2_coef': 5e-05, 'patience': 100, 'nhidden': 128, 'undirected': True, 'self_loop': True, 'normalize': -1, 'layers': 1, 'model': 'OrderedGNN', 'dropout': 0.8, 'dropout2': 0.1, 'global_gating': False, 'num_layers_input': 2, 'chunk_size': 64, 'hidden_channel': 512, 'num_layers': 3, 'add_self_loops': False, 'simple_gating': False, 'tm': True, 'diff_or': True}",critical
squirrel,GAT,38.22±1.41,80.05,"{'seed': 42, 'gpu': '5', 'runs': 10, 'dataset': 'squirrel', 'source': 'critical', 'epochs': 2000, 'lr': 0.05, 'l2_coef': 5e-05, 'patience': 200, 'nhidden': 128, 'undirected': True, 'self_loop': True, 'normalize': -1, 'layers': 1, 'model': 'GAT', 'dropout': 0.5}",critical
squirrel,GGCN,36.04±2.61,603.49,"{'seed': 42, 'gpu': '7', 'runs': 10, 'dataset': 'squirrel', 'source': 'critical', 'epochs': 2000, 'lr': 0.01, 'l2_coef': 0.001, 'patience': 100, 'nhidden': 8, 'undirected': True, 'self_loop': True, 'normalize': -1, 'layers': 1, 'model': 'GGCN', 'dropout': 0.7, 'decay_rate': 0.9, 'nlayers': 16, 'use_sparse': False, 'use_degree': True, 'use_sign': True, 'use_decay': True, 'use_bn': False, 'use_ln': False, 'exponent': 3.0, 'scale_init': 0.5, 'deg_intercept_init': 0.5}",critical
squirrel,GCNII,38.43±2.10,185.09,"{'seed': 42, 'gpu': '7', 'runs': 10, 'dataset': 'squirrel', 'source': 'critical', 'epochs': 2000, 'lr': 0.005, 'l2_coef': 0.0005, 'patience': 100, 'nhidden': 64, 'undirected': True, 'self_loop': True, 'normalize': -1, 'layers': 4, 'model': 'GCNII', 'dropout': 0.5, 'alpha': 0.2, 'lammbda': 0.5, 'variant': False}",critical
squirrel,GPRGNN,38.00±1.58,112.07,"{'seed': 42, 'gpu': '5', 'runs': 10, 'dataset': 'squirrel', 'source': 'critical', 'epochs': 2000, 'lr': 0.05, 'l2_coef': 0.0005, 'patience': 100, 'nhidden': 64, 'undirected': True, 'self_loop': True, 'normalize': -1, 'layers': 1, 'model': 'GPRGNN', 'alpha': 0.9, 'nlayers': 2, 'dprate': 0.0, 'init': 'PPR', 'dropout': 0.5, 'gamma': None}",critical
flickr,MLP,89.41±0.73,164.12,"{'seed': 42, 'gpu': '6', 'runs': 10, 'dataset': 'flickr', 'source': 'cola', 'epochs': 2000, 'lr': 0.01, 'l2_coef': 0, 'patience': 200, 'nhidden': 64, 'undirected': True, 'self_loop': True, 'normalize': -1, 'layers': 1, 'model': 'MLP', 'dropout': 0.5}",cola
flickr,ACMGCN,68.63±1.87,137.09,"{'seed': 42, 'gpu': '1', 'runs': 10, 'dataset': 'flickr', 'source': 'cola', 'epochs': 2000, 'lr': 0.01, 'l2_coef': 5e-05, 'patience': 100, 'nhidden': 128, 'undirected': True, 'self_loop': True, 'normalize': -1, 'layers': 1, 'model': 'ACMGCN', 'dropout': 0.5, 'structure_info': 1, 'variant': 1, 'nhid': 64, 'nlayers': 1, 'init_layers_X': 1, 'acm_model': 'acmgcnp', 'nnodes': 7575}",cola
blogcatalog,MLP,93.08±0.63,69.63,"{'seed': 42, 'gpu': '6', 'runs': 10, 'dataset': 'blogcatalog', 'source': 'cola', 'epochs': 2000, 'lr': 0.01, 'l2_coef': 0, 'patience': 200, 'nhidden': 32, 'undirected': True, 'self_loop': True, 'normalize': 1, 'layers': 1, 'model': 'MLP', 'dropout': 0.5}",cola
flickr,OrderedGNN,91.13±0.59,350.41,"{'seed': 42, 'gpu': '5', 'runs': 10, 'dataset': 'flickr', 'source': 'cola', 'epochs': 2000, 'lr': 0.001, 'l2_coef': 5e-05, 'patience': 100, 'nhidden': 128, 'undirected': True, 'self_loop': True, 'normalize': -1, 'layers': 1, 'model': 'OrderedGNN', 'dropout': 0.8, 'dropout2': 0.1, 'global_gating': True, 'num_layers_input': 1, 'chunk_size': 64, 'hidden_channel': 512, 'num_layers': 8, 'add_self_loops': False, 'simple_gating': False, 'tm': True, 'diff_or': True}",cola
blogcatalog,ACMGCN,96.01±0.53,57.18,"{'seed': 42, 'gpu': '1', 'runs': 10, 'dataset': 'blogcatalog', 'source': 'cola', 'epochs': 2000, 'lr': 0.05, 'l2_coef': 0.0001, 'patience': 100, 'nhidden': 128, 'undirected': True, 'self_loop': True, 'normalize': -1, 'layers': 1, 'model': 'ACMGCN', 'dropout': 0.6, 'structure_info': 0, 'variant': 1, 'nhid': 64, 'nlayers': 1, 'init_layers_X': 1, 'acm_model': 'acmgcnp', 'nnodes': 5196}",cola
flickr,GGCN,90.17±0.76,186.76,"{'seed': 42, 'gpu': '4', 'runs': 10, 'dataset': 'flickr', 'source': 'cola', 'epochs': 2000, 'lr': 0.01, 'l2_coef': 0.0001, 'patience': 100, 'nhidden': 64, 'undirected': True, 'self_loop': True, 'normalize': -1, 'layers': 1, 'model': 'GGCN', 'dropout': 0.6, 'decay_rate': 0.8, 'nlayers': 2, 'use_sparse': False, 'use_degree': True, 'use_sign': True, 'use_decay': True, 'use_bn': False, 'use_ln': False, 'exponent': 3.0, 'scale_init': 0.5, 'deg_intercept_init': 0.5}",cola
chameleon,GloGNN,40.28±2.91,319.61,"{'seed': 42, 'gpu': '5', 'runs': 10, 'dataset': 'chameleon', 'source': 'critical', 'epochs': 2000, 'lr': 0.01, 'l2_coef': 5e-05, 'patience': 200, 'nhidden': 128, 'undirected': True, 'self_loop': True, 'normalize': -1, 'layers': 1, 'model': 'GloGNN', 'dropout': 0.3, 'alpha': 1, 'beta': 100, 'gamma': 0.4, 'delta': 0.1, 'norm_layers': 3, 'orders': 4, 'norm_func_id': 2, 'early_stopping': 100, 'nhid': 64, 'orders_func_id': 2, 'nnodes': 890}",critical
flickr,GPRGNN,91.52±0.56,182.42,"{'seed': 42, 'gpu': '6', 'runs': 10, 'dataset': 'flickr', 'source': 'cola', 'epochs': 2000, 'lr': 0.002, 'l2_coef': 0.0, 'patience': 100, 'nhidden': 64, 'undirected': True, 'self_loop': True, 'normalize': -1, 'layers': 1, 'model': 'GPRGNN', 'alpha': 0.5, 'nlayers': 2, 'dprate': 0.5, 'init': 'PPR', 'dropout': 0.5, 'gamma': None}",cola
blogcatalog,OrderedGNN,96.39±0.69,98.34,"{'seed': 42, 'gpu': '0', 'runs': 10, 'dataset': 'blogcatalog', 'source': 'cola', 'epochs': 2000, 'lr': 0.001, 'l2_coef': 0.0005, 'patience': 100, 'nhidden': 128, 'undirected': True, 'self_loop': True, 'normalize': -1, 'layers': 1, 'model': 'OrderedGNN', 'dropout': 0.2, 'dropout2': 0.2, 'global_gating': True, 'num_layers_input': 1, 'chunk_size': 64, 'hidden_channel': 256, 'num_layers': 8, 'add_self_loops': False, 'simple_gating': False, 'tm': True, 'diff_or': True}",cola
photo,MLP,86.73±2.20,99.78,"{'seed': 42, 'gpu': '6', 'runs': 10, 'dataset': 'photo', 'source': 'pyg', 'epochs': 2000, 'lr': 0.01, 'l2_coef': 5e-05, 'patience': 100, 'nhidden': 128, 'undirected': True, 'self_loop': True, 'normalize': -1, 'layers': 1, 'model': 'MLP', 'dropout': 0.5}",pyg
photo,ACMGCN,92.35±0.39,86.63,"{'seed': 42, 'gpu': '1', 'runs': 10, 'dataset': 'photo', 'source': 'pyg', 'epochs': 2000, 'lr': 0.01, 'l2_coef': 0.0005, 'patience': 100, 'nhidden': 128, 'undirected': True, 'self_loop': True, 'normalize': -1, 'layers': 1, 'model': 'ACMGCN', 'dropout': 0.2, 'structure_info': 1, 'variant': 1, 'nhid': 64, 'nlayers': 1, 'init_layers_X': 1, 'acm_model': 'acmgcnp', 'nnodes': 7650}",pyg
actor,MLP,34.69±0.71,25.20,"{'seed': 42, 'gpu': '6', 'runs': 10, 'dataset': 'actor', 'source': 'pyg', 'epochs': 2000, 'lr': 0.05, 'l2_coef': 0.0001, 'patience': 200, 'nhidden': 128, 'undirected': True, 'self_loop': True, 'normalize': 1, 'layers': 1, 'model': 'MLP', 'dropout': 0}",pyg
blogcatalog,GPRGNN,96.26±0.62,61.91,"{'seed': 42, 'gpu': '6', 'runs': 10, 'dataset': 'blogcatalog', 'source': 'cola', 'epochs': 2000, 'lr': 0.002, 'l2_coef': 0.0005, 'patience': 100, 'nhidden': 64, 'undirected': True, 'self_loop': True, 'normalize': -1, 'layers': 1, 'model': 'GPRGNN', 'alpha': 0.9, 'nlayers': 4, 'dprate': 0.5, 'init': 'PPR', 'dropout': 0.5, 'gamma': None}",cola
actor,ACMGCN,35.68±1.17,46.80,"{'seed': 42, 'gpu': '1', 'runs': 10, 'dataset': 'actor', 'source': 'pyg', 'epochs': 2000, 'lr': 0.01, 'l2_coef': 0.001, 'patience': 100, 'nhidden': 128, 'undirected': True, 'self_loop': True, 'normalize': -1, 'layers': 1, 'model': 'ACMGCN', 'dropout': 0, 'structure_info': 0, 'variant': 1, 'nhid': 64, 'nlayers': 1, 'init_layers_X': 1, 'acm_model': 'acmgcnp', 'nnodes': 7600}",pyg
flickr,MixHop,89.78±0.63,368.05,"{'seed': 42, 'gpu': '7', 'runs': 10, 'dataset': 'flickr', 'source': 'cola', 'epochs': 2000, 'lr': 0.001, 'l2_coef': 0.0, 'patience': 100, 'nhidden': 128, 'undirected': True, 'self_loop': True, 'normalize': -1, 'layers': 1, 'model': 'MixHop', 'layers_1': [200, 200, 200], 'dropout': 0.5, 'layers_2': [200, 200, 200], 'lambd': 0.0005, 'cut_off': 0.1, 'budget': 60}",cola
squirrel,GloGNN,35.39±1.70,156.94,"{'seed': 42, 'gpu': '5', 'runs': 10, 'dataset': 'squirrel', 'source': 'critical', 'epochs': 2000, 'lr': 0.005, 'l2_coef': 0.0001, 'patience': 200, 'nhidden': 128, 'undirected': True, 'self_loop': True, 'normalize': -1, 'layers': 1, 'model': 'GloGNN', 'dropout': 0.1, 'alpha': 10, 'beta': 100, 'gamma': 0, 'delta': 0, 'norm_layers': 1, 'orders': 4, 'norm_func_id': 1, 'early_stopping': 100, 'nhid': 64, 'orders_func_id': 2, 'nnodes': 2223}",critical
blogcatalog,GGCN,96.09±0.55,185.07,"{'seed': 42, 'gpu': '4', 'runs': 10, 'dataset': 'blogcatalog', 'source': 'cola', 'epochs': 2000, 'lr': 0.01, 'l2_coef': 0.0001, 'patience': 100, 'nhidden': 32, 'undirected': True, 'self_loop': True, 'normalize': -1, 'layers': 1, 'model': 'GGCN', 'dropout': 0.7, 'decay_rate': 0.8, 'nlayers': 4, 'use_sparse': False, 'use_degree': True, 'use_sign': True, 'use_decay': True, 'use_bn': False, 'use_ln': False, 'exponent': 3.0, 'scale_init': 0.5, 'deg_intercept_init': 0.5}",cola
pubmed,MLP,87.68±0.51,102.06,"{'seed': 42, 'gpu': '6', 'runs': 10, 'dataset': 'pubmed', 'source': 'pyg', 'epochs': 2000, 'lr': 0.005, 'l2_coef': 0.0, 'patience': 100, 'nhidden': 64, 'undirected': True, 'self_loop': True, 'normalize': -1, 'layers': 1, 'model': 'MLP', 'dropout': 0.5}",pyg
photo,GPRGNN,95.51±0.39,102.01,"{'seed': 42, 'gpu': '6', 'runs': 10, 'dataset': 'photo', 'source': 'pyg', 'epochs': 2000, 'lr': 0.002, 'l2_coef': 0.0, 'patience': 100, 'nhidden': 64, 'undirected': True, 'self_loop': True, 'normalize': -1, 'layers': 1, 'model': 'GPRGNN', 'alpha': 0.5, 'nlayers': 4, 'dprate': 0, 'init': 'PPR', 'dropout': 0.5, 'gamma': None}",pyg
photo,OrderedGNN,95.87±0.24,260.78,"{'seed': 42, 'gpu': '1', 'runs': 10, 'dataset': 'photo', 'source': 'pyg', 'epochs': 2000, 'lr': 0.001, 'l2_coef': 5e-05, 'patience': 100, 'nhidden': 128, 'undirected': True, 'self_loop': True, 'normalize': -1, 'layers': 1, 'model': 'OrderedGNN', 'dropout': 0.3, 'dropout2': 0.2, 'global_gating': True, 'num_layers_input': 1, 'chunk_size': 64, 'hidden_channel': 512, 'num_layers': 8, 'add_self_loops': False, 'simple_gating': False, 'tm': True, 'diff_or': True}",pyg
actor,GPRGNN,35.79±1.04,25.72,"{'seed': 42, 'gpu': '6', 'runs': 10, 'dataset': 'actor', 'source': 'pyg', 'epochs': 2000, 'lr': 0.05, 'l2_coef': 0.0, 'patience': 100, 'nhidden': 64, 'undirected': True, 'self_loop': True, 'normalize': -1, 'layers': 1, 'model': 'GPRGNN', 'alpha': 0.9, 'nlayers': 8, 'dprate': 0, 'init': 'PPR', 'dropout': 0.5, 'gamma': None}",pyg
wikics,MLP,73.51±1.18,87.97,"{'seed': 42, 'gpu': '6', 'runs': 10, 'dataset': 'wikics', 'source': 'pyg', 'epochs': 2000, 'lr': 0.05, 'l2_coef': 5e-05, 'patience': 200, 'nhidden': 128, 'undirected': True, 'self_loop': True, 'normalize': -1, 'layers': 1, 'model': 'MLP', 'dropout': 0}",pyg
actor,OrderedGNN,36.95±0.85,62.87,"{'seed': 42, 'gpu': '0', 'runs': 10, 'dataset': 'actor', 'source': 'pyg', 'epochs': 2000, 'lr': 0.005, 'l2_coef': 5e-06, 'patience': 100, 'nhidden': 128, 'undirected': True, 'self_loop': True, 'normalize': -1, 'layers': 1, 'model': 'OrderedGNN', 'dropout': 0.3, 'dropout2': 0.2, 'global_gating': True, 'num_layers_input': 2, 'chunk_size': 64, 'hidden_channel': 256, 'num_layers': 8, 'add_self_loops': False, 'simple_gating': False, 'tm': True, 'diff_or': True}",pyg
flickr,GCNII,91.36±0.68,503.32,"{'seed': 42, 'gpu': '3', 'runs': 10, 'dataset': 'flickr', 'source': 'cola', 'epochs': 2000, 'lr': 0.005, 'l2_coef': 0.0, 'patience': 100, 'nhidden': 64, 'undirected': True, 'self_loop': True, 'normalize': -1, 'layers': 8, 'model': 'GCNII', 'dropout': 0.5, 'alpha': 0.2, 'lammbda': 0.5, 'variant': False}",cola
pubmed,GPRGNN,89.45±0.61,115.39,"{'seed': 42, 'gpu': '6', 'runs': 10, 'dataset': 'pubmed', 'source': 'pyg', 'epochs': 2000, 'lr': 0.002, 'l2_coef': 0.0, 'patience': 100, 'nhidden': 64, 'undirected': True, 'self_loop': True, 'normalize': -1, 'layers': 1, 'model': 'GPRGNN', 'alpha': 0.9, 'nlayers': 4, 'dprate': 0, 'init': 'PPR', 'dropout': 0.5, 'gamma': None}",pyg
pubmed,ACMGCN,89.95±0.50,259.40,"{'seed': 42, 'gpu': '1', 'runs': 10, 'dataset': 'pubmed', 'source': 'pyg', 'epochs': 2000, 'lr': 0.01, 'l2_coef': 0.0001, 'patience': 100, 'nhidden': 128, 'undirected': True, 'self_loop': True, 'normalize': -1, 'layers': 1, 'model': 'ACMGCN', 'dropout': 0.3, 'structure_info': 0, 'variant': 1, 'nhid': 64, 'nlayers': 1, 'init_layers_X': 1, 'acm_model': 'acmgcnp', 'nnodes': 19717}",pyg
flickr,GCN,69.06±1.70,631.52,"{'seed': 42, 'gpu': '3', 'runs': 10, 'dataset': 'flickr', 'source': 'cola', 'epochs': 2000, 'lr': 0.01, 'l2_coef': 0.0, 'patience': 200, 'nhidden': 128, 'undirected': True, 'self_loop': True, 'normalize': 1, 'layers': 2, 'model': 'GCN', 'dropout': 0.5}",cola
blogcatalog,MixHop,96.05±0.48,306.28,"{'seed': 42, 'gpu': '7', 'runs': 10, 'dataset': 'blogcatalog', 'source': 'cola', 'epochs': 2000, 'lr': 0.001, 'l2_coef': 0.0, 'patience': 100, 'nhidden': 128, 'undirected': True, 'self_loop': True, 'normalize': -1, 'layers': 1, 'model': 'MixHop', 'layers_1': [200, 200, 200], 'dropout': 0.5, 'layers_2': [200, 200, 200], 'lambd': 0.0005, 'cut_off': 0.1, 'budget': 60}",cola
photo,GGCN,95.32±0.27,265.28,"{'seed': 42, 'gpu': '4', 'runs': 10, 'dataset': 'photo', 'source': 'pyg', 'epochs': 2000, 'lr': 0.01, 'l2_coef': 0.0001, 'patience': 100, 'nhidden': 64, 'undirected': True, 'self_loop': True, 'normalize': -1, 'layers': 1, 'model': 'GGCN', 'dropout': 0.6, 'decay_rate': 0.8, 'nlayers': 2, 'use_sparse': False, 'use_degree': True, 'use_sign': True, 'use_decay': True, 'use_bn': False, 'use_ln': False, 'exponent': 3.0, 'scale_init': 0.5, 'deg_intercept_init': 0.5}",pyg
pubmed,OrderedGNN,90.01±0.40,151.49,"{'seed': 42, 'gpu': '0', 'runs': 10, 'dataset': 'pubmed', 'source': 'pyg', 'epochs': 2000, 'lr': 0.001, 'l2_coef': 0.0005, 'patience': 100, 'nhidden': 128, 'undirected': True, 'self_loop': True, 'normalize': -1, 'layers': 1, 'model': 'OrderedGNN', 'dropout': 0.4, 'dropout2': 0.1, 'global_gating': True, 'num_layers_input': 3, 'chunk_size': 64, 'hidden_channel': 256, 'num_layers': 8, 'add_self_loops': False, 'simple_gating': False, 'tm': True, 'diff_or': True}",pyg
wikics,ACMGCN,84.13±0.66,98.65,"{'seed': 42, 'gpu': '1', 'runs': 10, 'dataset': 'wikics', 'source': 'pyg', 'epochs': 2000, 'lr': 0.01, 'l2_coef': 0.0, 'patience': 100, 'nhidden': 128, 'undirected': True, 'self_loop': True, 'normalize': -1, 'layers': 1, 'model': 'ACMGCN', 'dropout': 0.4, 'structure_info': 1, 'variant': 1, 'nhid': 64, 'nlayers': 1, 'init_layers_X': 1, 'acm_model': 'acmgcnp', 'nnodes': 11701}",pyg
chameleon,GBKGNN,41.52±2.36,818.69,"{'seed': 42, 'gpu': '1', 'runs': 10, 'dataset': 'chameleon', 'source': 'critical', 'epochs': 2000, 'lr': 0.001, 'l2_coef': 0.01, 'patience': 100, 'nhidden': 128, 'undirected': True, 'self_loop': True, 'normalize': -1, 'layers': 1, 'model': 'GBKGNN', 'lamda': 28, 'dim_size': 16}",critical
blogcatalog,GCNII,96.25±0.61,200.87,"{'seed': 42, 'gpu': '3', 'runs': 10, 'dataset': 'blogcatalog', 'source': 'cola', 'epochs': 2000, 'lr': 0.05, 'l2_coef': 0.0, 'patience': 100, 'nhidden': 64, 'undirected': True, 'self_loop': True, 'normalize': -1, 'layers': 16, 'model': 'GCNII', 'dropout': 0.5, 'alpha': 0.3, 'lammbda': 0.5, 'variant': False}",cola
flickr,HOGGCN,90.40±0.64,822.05,"{'seed': 42, 'gpu': '2', 'runs': 10, 'dataset': 'flickr', 'source': 'cola', 'epochs': 2000, 'lr': 0.001, 'l2_coef': 0.0, 'patience': 100, 'nhidden': 128, 'undirected': True, 'self_loop': True, 'normalize': -1, 'layers': 1, 'model': 'HOGGCN', 'nhid1': 512, 'nhid2': 256, 'dropout': 0.5, 'adj': tensor([[1., 1., 1.,  ..., 0., 0., 0.],
        [1., 1., 1.,  ..., 0., 0., 1.],
        [1., 1., 1.,  ..., 0., 0., 0.],
        ...,
        [0., 0., 0.,  ..., 1., 0., 0.],
        [0., 0., 0.,  ..., 0., 1., 0.],
        [0., 1., 0.,  ..., 0., 0., 1.]])}",cola
photo,GCNII,95.54±0.34,174.91,"{'seed': 42, 'gpu': '3', 'runs': 10, 'dataset': 'photo', 'source': 'pyg', 'epochs': 2000, 'lr': 0.05, 'l2_coef': 0.0, 'patience': 100, 'nhidden': 64, 'undirected': True, 'self_loop': True, 'normalize': -1, 'layers': 8, 'model': 'GCNII', 'dropout': 0.5, 'alpha': 0.4, 'lammbda': 0.5, 'variant': False}",pyg
actor,GCNII,35.69±1.08,38.34,"{'seed': 42, 'gpu': '3', 'runs': 10, 'dataset': 'actor', 'source': 'pyg', 'epochs': 2000, 'lr': 0.01, 'l2_coef': 0.0005, 'patience': 100, 'nhidden': 64, 'undirected': True, 'self_loop': True, 'normalize': -1, 'layers': 4, 'model': 'GCNII', 'dropout': 0.0, 'alpha': 0.4, 'lammbda': 1, 'variant': False}",pyg
actor,GGCN,35.72±1.48,290.68,"{'seed': 42, 'gpu': '4', 'runs': 10, 'dataset': 'actor', 'source': 'pyg', 'epochs': 2000, 'lr': 0.01, 'l2_coef': 0.0005, 'patience': 100, 'nhidden': 8, 'undirected': True, 'self_loop': True, 'normalize': -1, 'layers': 1, 'model': 'GGCN', 'dropout': 0.5, 'decay_rate': 1.2, 'nlayers': 4, 'use_sparse': False, 'use_degree': True, 'use_sign': True, 'use_decay': True, 'use_bn': False, 'use_ln': False, 'exponent': 3.0, 'scale_init': 0.5, 'deg_intercept_init': 0.5}",pyg
blogcatalog,GCN,77.28±1.43,365.07,"{'seed': 42, 'gpu': '3', 'runs': 10, 'dataset': 'blogcatalog', 'source': 'cola', 'epochs': 2000, 'lr': 0.001, 'l2_coef': 0.0001, 'patience': 200, 'nhidden': 64, 'undirected': True, 'self_loop': True, 'normalize': -1, 'layers': 2, 'model': 'GCN', 'dropout': 0}",cola
wikics,OrderedGNN,85.60±0.77,352.53,"{'seed': 42, 'gpu': '0', 'runs': 10, 'dataset': 'wikics', 'source': 'pyg', 'epochs': 2000, 'lr': 0.01, 'l2_coef': 0.0005, 'patience': 100, 'nhidden': 128, 'undirected': True, 'self_loop': True, 'normalize': -1, 'layers': 1, 'model': 'OrderedGNN', 'dropout': 0.3, 'dropout2': 0.1, 'global_gating': False, 'num_layers_input': 2, 'chunk_size': 64, 'hidden_channel': 256, 'num_layers': 8, 'add_self_loops': False, 'simple_gating': False, 'tm': True, 'diff_or': True}",pyg
wikics,GPRGNN,83.16±1.23,521.94,"{'seed': 42, 'gpu': '6', 'runs': 10, 'dataset': 'wikics', 'source': 'pyg', 'epochs': 2000, 'lr': 0.001, 'l2_coef': 0.0, 'patience': 100, 'nhidden': 64, 'undirected': True, 'self_loop': True, 'normalize': -1, 'layers': 1, 'model': 'GPRGNN', 'alpha': 0.2, 'nlayers': 32, 'dprate': 0.0, 'init': 'PPR', 'dropout': 0.5, 'gamma': None}",pyg
pubmed,GGCN,89.19±0.43,178.66,"{'seed': 42, 'gpu': '4', 'runs': 10, 'dataset': 'pubmed', 'source': 'pyg', 'epochs': 2000, 'lr': 0.01, 'l2_coef': 0.001, 'patience': 100, 'nhidden': 80, 'undirected': True, 'self_loop': True, 'normalize': -1, 'layers': 1, 'model': 'GGCN', 'dropout': 0.1, 'decay_rate': 0.6, 'nlayers': 2, 'use_sparse': True, 'use_degree': True, 'use_sign': True, 'use_decay': True, 'use_bn': False, 'use_ln': False, 'exponent': 3.0, 'scale_init': 0.5, 'deg_intercept_init': 0.5}",pyg
photo,GCN,94.88±2.08,150.35,"{'seed': 42, 'gpu': '3', 'runs': 10, 'dataset': 'photo', 'source': 'pyg', 'epochs': 2000, 'lr': 0.01, 'l2_coef': 0.0, 'patience': 200, 'nhidden': 128, 'undirected': True, 'self_loop': True, 'normalize': 1, 'layers': 2, 'model': 'GCN', 'dropout': 0.5}",pyg
blogcatalog,HOGGCN,95.79±0.59,340.37,"{'seed': 42, 'gpu': '2', 'runs': 10, 'dataset': 'blogcatalog', 'source': 'cola', 'epochs': 2000, 'lr': 0.001, 'l2_coef': 1e-05, 'patience': 100, 'nhidden': 128, 'undirected': True, 'self_loop': True, 'normalize': -1, 'layers': 1, 'model': 'HOGGCN', 'nhid1': 512, 'nhid2': 256, 'dropout': 0.5, 'adj': tensor([[1., 1., 0.,  ..., 0., 0., 0.],
        [1., 1., 1.,  ..., 0., 0., 0.],
        [0., 1., 1.,  ..., 0., 0., 0.],
        ...,
        [0., 0., 0.,  ..., 1., 0., 0.],
        [0., 0., 0.,  ..., 0., 1., 0.],
        [0., 0., 0.,  ..., 0., 0., 1.]])}",cola
actor,GCN,30.82±1.41,55.49,"{'seed': 42, 'gpu': '3', 'runs': 10, 'dataset': 'actor', 'source': 'pyg', 'epochs': 2000, 'lr': 0.01, 'l2_coef': 5e-05, 'patience': 200, 'nhidden': 32, 'undirected': True, 'self_loop': True, 'normalize': -1, 'layers': 2, 'model': 'GCN', 'dropout': 0.5}",pyg
pubmed,GCN,87.70±0.58,78.18,"{'seed': 42, 'gpu': '3', 'runs': 10, 'dataset': 'pubmed', 'source': 'pyg', 'epochs': 2000, 'lr': 0.05, 'l2_coef': 0.0, 'patience': 100, 'nhidden': 64, 'undirected': True, 'self_loop': True, 'normalize': -1, 'layers': 2, 'model': 'GCN', 'dropout': 0.5}",pyg
photo,MixHop,94.91±0.45,682.02,"{'seed': 42, 'gpu': '7', 'runs': 10, 'dataset': 'photo', 'source': 'pyg', 'epochs': 2000, 'lr': 0.005, 'l2_coef': 0.0005, 'patience': 100, 'nhidden': 128, 'undirected': True, 'self_loop': True, 'normalize': -1, 'layers': 1, 'model': 'MixHop', 'layers_1': [200, 200, 200], 'dropout': 0.5, 'layers_2': [200, 200, 200], 'lambd': 0.0005, 'cut_off': 0.1, 'budget': 60}",pyg
wikics,GCN,78.59±1.07,160.65,"{'seed': 42, 'gpu': '3', 'runs': 10, 'dataset': 'wikics', 'source': 'pyg', 'epochs': 2000, 'lr': 0.05, 'l2_coef': 0.0, 'patience': 200, 'nhidden': 64, 'undirected': True, 'self_loop': True, 'normalize': -1, 'layers': 2, 'model': 'GCN', 'dropout': 0.5}",pyg
flickr,H2GCN,91.33±0.59,1433.45,"{'seed': 42, 'gpu': '7', 'runs': 10, 'dataset': 'flickr', 'source': 'cola', 'epochs': 2000, 'lr': 0.005, 'l2_coef': 0.0, 'patience': 100, 'nhidden': 128, 'undirected': True, 'self_loop': True, 'normalize': -1, 'layers': 1, 'model': 'H2GCN', 'dropout': 0.5, 'use_relu': False, 'k': 2, 'hidden_dim': 64}",cola
flickr,GAT,57.87±2.22,1417.42,"{'seed': 42, 'gpu': '5', 'runs': 10, 'dataset': 'flickr', 'source': 'cola', 'epochs': 2000, 'lr': 0.01, 'l2_coef': 0.0, 'patience': 200, 'nhidden': 128, 'undirected': True, 'self_loop': True, 'normalize': 1, 'layers': 2, 'model': 'GAT', 'dropout': 0.5}",cola
actor,MixHop,36.82±0.98,140.05,"{'seed': 42, 'gpu': '7', 'runs': 10, 'dataset': 'actor', 'source': 'pyg', 'epochs': 2000, 'lr': 0.001, 'l2_coef': 0.0005, 'patience': 100, 'nhidden': 128, 'undirected': True, 'self_loop': True, 'normalize': -1, 'layers': 1, 'model': 'MixHop', 'layers_1': [200, 200, 200], 'dropout': 0.5, 'layers_2': [200, 200, 200], 'lambd': 0.0005, 'cut_off': 0.1, 'budget': 60}",pyg
pubmed,GCNII,90.00±0.46,553.26,"{'seed': 42, 'gpu': '3', 'runs': 10, 'dataset': 'pubmed', 'source': 'pyg', 'epochs': 2000, 'lr': 0.01, 'l2_coef': 0.0, 'patience': 100, 'nhidden': 64, 'undirected': True, 'self_loop': True, 'normalize': -1, 'layers': 32, 'model': 'GCNII', 'dropout': 0.5, 'alpha': 0.2, 'lammbda': 1, 'variant': True}",pyg
blogcatalog,GAT,85.36±1.37,88.72,"{'seed': 42, 'gpu': '5', 'runs': 10, 'dataset': 'blogcatalog', 'source': 'cola', 'epochs': 2000, 'lr': 0.05, 'l2_coef': 0.0001, 'patience': 100, 'nhidden': 64, 'undirected': True, 'self_loop': True, 'normalize': -1, 'layers': 1, 'model': 'GAT', 'dropout': 0.5}",cola
wikics,GCNII,85.15±0.56,87.41,"{'seed': 42, 'gpu': '3', 'runs': 10, 'dataset': 'wikics', 'source': 'pyg', 'epochs': 2000, 'lr': 0.01, 'l2_coef': 0.0, 'patience': 100, 'nhidden': 64, 'undirected': True, 'self_loop': True, 'normalize': -1, 'layers': 2, 'model': 'GCNII', 'dropout': 0.5, 'alpha': 0.2, 'lammbda': 1, 'variant': True}",pyg
pubmed,MixHop,89.40±0.37,330.82,"{'seed': 42, 'gpu': '7', 'runs': 10, 'dataset': 'pubmed', 'source': 'pyg', 'epochs': 2000, 'lr': 0.01, 'l2_coef': 0.0001, 'patience': 100, 'nhidden': 128, 'undirected': True, 'self_loop': True, 'normalize': -1, 'layers': 1, 'model': 'MixHop', 'layers_1': [200, 200, 200], 'dropout': 0.5, 'layers_2': [200, 200, 200], 'lambd': 0.0005, 'cut_off': 0.1, 'budget': 60}",pyg
photo,GAT,94.72±0.52,458.77,"{'seed': 42, 'gpu': '5', 'runs': 10, 'dataset': 'photo', 'source': 'pyg', 'epochs': 2000, 'lr': 0.005, 'l2_coef': 0.0001, 'patience': 100, 'nhidden': 32, 'undirected': True, 'self_loop': True, 'normalize': -1, 'layers': 2, 'model': 'GAT', 'dropout': 0.5}",pyg
flickr,GloGNN,88.18±0.85,1638.27,"{'seed': 42, 'gpu': '5', 'runs': 10, 'dataset': 'flickr', 'source': 'cola', 'epochs': 2000, 'lr': 0.005, 'l2_coef': 0.0001, 'patience': 200, 'nhidden': 128, 'undirected': True, 'self_loop': True, 'normalize': -1, 'layers': 1, 'model': 'GloGNN', 'dropout': 0.4, 'alpha': 0, 'beta': 100, 'gamma': 0.6, 'delta': 0.5, 'norm_layers': 1, 'orders': 3, 'norm_func_id': 2, 'early_stopping': 100, 'nhid': 64, 'orders_func_id': 2, 'nnodes': 7575}",cola
wikics,GGCN,83.67±0.75,891.37,"{'seed': 42, 'gpu': '4', 'runs': 10, 'dataset': 'wikics', 'source': 'pyg', 'epochs': 2000, 'lr': 0.01, 'l2_coef': 0.0001, 'patience': 100, 'nhidden': 64, 'undirected': True, 'self_loop': True, 'normalize': -1, 'layers': 1, 'model': 'GGCN', 'dropout': 0.6, 'decay_rate': 0.8, 'nlayers': 2, 'use_sparse': False, 'use_degree': True, 'use_sign': True, 'use_decay': True, 'use_bn': False, 'use_ln': False, 'exponent': 3.0, 'scale_init': 0.5, 'deg_intercept_init': 0.5}",pyg
actor,GAT,30.94±0.95 ,46.78,"{'seed': 42, 'gpu': '5', 'runs': 10, 'dataset': 'actor', 'source': 'pyg', 'epochs': 2000, 'lr': 0.005, 'l2_coef': 0.0001, 'patience': 100, 'nhidden': 32, 'undirected': True, 'self_loop': True, 'normalize': -1, 'layers': 2, 'model': 'GAT', 'dropout': 0.5}",pyg
blogcatalog,GloGNN,92.53±0.80,72.20,"{'seed': 42, 'gpu': '5', 'runs': 10, 'dataset': 'blogcatalog', 'source': 'cola', 'epochs': 2000, 'lr': 0.01, 'l2_coef': 0.0001, 'patience': 200, 'nhidden': 128, 'undirected': True, 'self_loop': True, 'normalize': -1, 'layers': 1, 'model': 'GloGNN', 'dropout': 0.3, 'alpha': 10, 'beta': 1, 'gamma': 0.8, 'delta': 0.6, 'norm_layers': 1, 'orders': 4, 'norm_func_id': 1, 'early_stopping': 100, 'nhid': 64, 'orders_func_id': 2, 'nnodes': 5196}",cola
pubmed,GAT,87.64±0.54,228.23,"{'seed': 42, 'gpu': '5', 'runs': 10, 'dataset': 'pubmed', 'source': 'pyg', 'epochs': 2000, 'lr': 0.05, 'l2_coef': 0.0, 'patience': 100, 'nhidden': 128, 'undirected': True, 'self_loop': True, 'normalize': 1, 'layers': 2, 'model': 'GAT', 'dropout': 0.5}",pyg
photo,HOGGCN,94.48±0.50,1308.29,"{'seed': 42, 'gpu': '2', 'runs': 10, 'dataset': 'photo', 'source': 'pyg', 'epochs': 2000, 'lr': 0.001, 'l2_coef': 0.0, 'patience': 100, 'nhidden': 128, 'undirected': True, 'self_loop': True, 'normalize': -1, 'layers': 1, 'model': 'HOGGCN', 'nhid1': 512, 'nhid2': 256, 'dropout': 0.5, 'adj': tensor([[1., 0., 0.,  ..., 0., 0., 0.],
        [0., 1., 0.,  ..., 0., 0., 0.],
        [0., 0., 1.,  ..., 0., 0., 0.],
        ...,
        [0., 0., 0.,  ..., 1., 0., 0.],
        [0., 0., 0.,  ..., 0., 1., 0.],
        [0., 0., 0.,  ..., 0., 0., 1.]])}",pyg
wikics,GAT,76.92±0.81,428.17,"{'seed': 42, 'gpu': '5', 'runs': 10, 'dataset': 'wikics', 'source': 'pyg', 'epochs': 2000, 'lr': 0.05, 'l2_coef': 0.0, 'patience': 100, 'nhidden': 128, 'undirected': True, 'self_loop': True, 'normalize': -1, 'layers': 1, 'model': 'GAT', 'dropout': 0.5}",pyg
blogcatalog,H2GCN,96.32±0.62,1281.20,"{'seed': 42, 'gpu': '7', 'runs': 10, 'dataset': 'blogcatalog', 'source': 'cola', 'epochs': 2000, 'lr': 0.001, 'l2_coef': 5e-05, 'patience': 100, 'nhidden': 128, 'undirected': True, 'self_loop': True, 'normalize': -1, 'layers': 1, 'model': 'H2GCN', 'dropout': 0.5, 'use_relu': True, 'k': 2, 'hidden_dim': 64}",cola
actor,HOGGCN,36.05±1.06,654.10,"{'seed': 42, 'gpu': '2', 'runs': 10, 'dataset': 'actor', 'source': 'pyg', 'epochs': 2000, 'lr': 0.001, 'l2_coef': 1e-05, 'patience': 100, 'nhidden': 128, 'undirected': True, 'self_loop': True, 'normalize': -1, 'layers': 1, 'model': 'HOGGCN', 'nhid1': 512, 'nhid2': 256, 'dropout': 0.5, 'adj': tensor([[1., 0., 0.,  ..., 0., 0., 0.],
        [0., 1., 0.,  ..., 0., 0., 0.],
        [0., 0., 1.,  ..., 0., 0., 0.],
        ...,
        [0., 0., 0.,  ..., 1., 0., 0.],
        [0., 0., 0.,  ..., 0., 1., 0.],
        [0., 0., 0.,  ..., 0., 0., 1.]])}",pyg
wikics,MixHop,83.15±0.96,1782.51,"{'seed': 42, 'gpu': '7', 'runs': 10, 'dataset': 'wikics', 'source': 'pyg', 'epochs': 2000, 'lr': 0.01, 'l2_coef': 0.0, 'patience': 100, 'nhidden': 128, 'undirected': True, 'self_loop': True, 'normalize': -1, 'layers': 1, 'model': 'MixHop', 'layers_1': [200, 200, 200], 'dropout': 0.5, 'layers_2': [200, 200, 200], 'lambd': 0.0005, 'cut_off': 0.1, 'budget': 60}",pyg
photo,H2GCN,91.56±1.49,954.57,"{'seed': 42, 'gpu': '7', 'runs': 10, 'dataset': 'photo', 'source': 'pyg', 'epochs': 2000, 'lr': 0.005, 'l2_coef': 0.001, 'patience': 100, 'nhidden': 128, 'undirected': True, 'self_loop': True, 'normalize': -1, 'layers': 1, 'model': 'H2GCN', 'dropout': 0.5, 'use_relu': False, 'k': 2, 'hidden_dim': 64}",pyg
actor,H2GCN,32.74±1.23,70.53,"{'seed': 42, 'gpu': '7', 'runs': 10, 'dataset': 'actor', 'source': 'pyg', 'epochs': 2000, 'lr': 0.01, 'l2_coef': 1e-05, 'patience': 100, 'nhidden': 128, 'undirected': True, 'self_loop': True, 'normalize': -1, 'layers': 1, 'model': 'H2GCN', 'dropout': 0.5, 'use_relu': False, 'k': 2, 'hidden_dim': 64}",pyg
pubmed,H2GCN,89.50±0.43,101.40,"{'seed': 42, 'gpu': '7', 'runs': 10, 'dataset': 'pubmed', 'source': 'pyg', 'epochs': 2000, 'lr': 0.01, 'l2_coef': 5e-05, 'patience': 100, 'nhidden': 128, 'undirected': True, 'self_loop': True, 'normalize': -1, 'layers': 1, 'model': 'H2GCN', 'dropout': 0.5, 'use_relu': True, 'k': 2, 'hidden_dim': 64}",pyg
squirrel,GBKGNN,34.58±1.63,3285.72,"{'seed': 42, 'gpu': '1', 'runs': 10, 'dataset': 'squirrel', 'source': 'critical', 'epochs': 2000, 'lr': 0.001, 'l2_coef': 0.01, 'patience': 100, 'nhidden': 128, 'undirected': True, 'self_loop': True, 'normalize': -1, 'layers': 1, 'model': 'GBKGNN', 'lamda': 1, 'dim_size': 16}",critical
photo,GloGNN,92.15±0.33,2511.26,"{'seed': 42, 'gpu': '5', 'runs': 10, 'dataset': 'photo', 'source': 'pyg', 'epochs': 2000, 'lr': 0.01, 'l2_coef': 5e-05, 'patience': 200, 'nhidden': 128, 'undirected': True, 'self_loop': True, 'normalize': -1, 'layers': 1, 'model': 'GloGNN', 'dropout': 0.4, 'alpha': 0, 'beta': 100, 'gamma': 0.2, 'delta': 0.7, 'norm_layers': 1, 'orders': 5, 'norm_func_id': 2, 'early_stopping': 100, 'nhid': 64, 'orders_func_id': 2, 'nnodes': 7650}",pyg
wikics,H2GCN,74.76±3.39,2618.81,"{'seed': 42, 'gpu': '7', 'runs': 10, 'dataset': 'wikics', 'source': 'pyg', 'epochs': 2000, 'lr': 0.005, 'l2_coef': 1e-05, 'patience': 100, 'nhidden': 128, 'undirected': True, 'self_loop': True, 'normalize': -1, 'layers': 1, 'model': 'H2GCN', 'dropout': 0.5, 'use_relu': False, 'k': 2, 'hidden_dim': 64}",pyg
actor,GloGNN,35.82±1.27,1910.55,"{'seed': 42, 'gpu': '5', 'runs': 10, 'dataset': 'actor', 'source': 'pyg', 'epochs': 2000, 'lr': 0.01, 'l2_coef': 0.0001, 'patience': 200, 'nhidden': 128, 'undirected': True, 'self_loop': True, 'normalize': -1, 'layers': 1, 'model': 'GloGNN', 'dropout': 0.8, 'alpha': 10, 'beta': 100, 'gamma': 0.5, 'delta': 0.8, 'norm_layers': 2, 'orders': 5, 'norm_func_id': 2, 'early_stopping': 100, 'nhid': 64, 'orders_func_id': 2, 'nnodes': 7600}",pyg
pubmed,GloGNN,88.14±0.25,214.18,"{'seed': 42, 'gpu': '5', 'runs': 10, 'dataset': 'pubmed', 'source': 'pyg', 'epochs': 2000, 'lr': 0.005, 'l2_coef': 0.0001, 'patience': 200, 'nhidden': 128, 'undirected': True, 'self_loop': True, 'normalize': -1, 'layers': 1, 'model': 'GloGNN', 'dropout': 0.7, 'alpha': 1, 'beta': 1000, 'gamma': 0.6, 'delta': 0.8, 'norm_layers': 2, 'orders': 5, 'norm_func_id': 1, 'early_stopping': 100, 'nhid': 64, 'orders_func_id': 2, 'nnodes': 19717}",pyg
wikics,HOGGCN,83.57±0.63,4056.88,"{'seed': 42, 'gpu': '2', 'runs': 10, 'dataset': 'wikics', 'source': 'pyg', 'epochs': 2000, 'lr': 0.005, 'l2_coef': 1e-05, 'patience': 100, 'nhidden': 128, 'undirected': True, 'self_loop': True, 'normalize': -1, 'layers': 1, 'model': 'HOGGCN', 'nhid1': 512, 'nhid2': 256, 'dropout': 0.5, 'adj': tensor([[1., 0., 0.,  ..., 0., 0., 0.],
        [0., 1., 0.,  ..., 0., 0., 0.],
        [0., 0., 1.,  ..., 0., 0., 0.],
        ...,
        [0., 0., 0.,  ..., 1., 0., 0.],
        [0., 0., 0.,  ..., 0., 1., 0.],
        [0., 0., 0.,  ..., 0., 0., 1.]])}",pyg
wikics,GloGNN,84.20±0.55,5589.10,"{'seed': 42, 'gpu': '5', 'runs': 10, 'dataset': 'wikics', 'source': 'pyg', 'epochs': 2000, 'lr': 0.01, 'l2_coef': 5e-05, 'patience': 200, 'nhidden': 128, 'undirected': True, 'self_loop': True, 'normalize': -1, 'layers': 1, 'model': 'GloGNN', 'dropout': 0.1, 'alpha': 1, 'beta': 1000, 'gamma': 0.5, 'delta': 0.4, 'norm_layers': 1, 'orders': 4, 'norm_func_id': 2, 'early_stopping': 100, 'nhid': 64, 'orders_func_id': 2, 'nnodes': 11701}",pyg
roman-empire,MLP,62.12±1.79,46.61,"{'seed': 42, 'gpu': '6', 'runs': 10, 'dataset': 'roman-empire', 'source': 'critical', 'epochs': 2000, 'lr': 0.05, 'l2_coef': 0.0001, 'patience': 100, 'nhidden': 128, 'undirected': True, 'self_loop': True, 'normalize': -1, 'layers': 1, 'model': 'MLP', 'dropout': 0}",critical
roman-empire,GPRGNN,72.36±0.38,86.38,"{'seed': 42, 'gpu': '6', 'runs': 10, 'dataset': 'roman-empire', 'source': 'critical', 'epochs': 2000, 'lr': 0.05, 'l2_coef': 0.0, 'patience': 100, 'nhidden': 64, 'undirected': True, 'self_loop': True, 'normalize': -1, 'layers': 1, 'model': 'GPRGNN', 'alpha': 0.5, 'nlayers': 4, 'dprate': 0, 'init': 'PPR', 'dropout': 0.5, 'gamma': None}",critical
amazon-ratings,MLP,42.25±0.73,76.11,"{'seed': 42, 'gpu': '6', 'runs': 10, 'dataset': 'amazon-ratings', 'source': 'critical', 'epochs': 2000, 'lr': 0.01, 'l2_coef': 0.0, 'patience': 100, 'nhidden': 128, 'undirected': True, 'self_loop': True, 'normalize': -1, 'layers': 1, 'model': 'MLP', 'dropout': 0.5}",critical
roman-empire,GCNII,80.55±0.82,144.04,"{'seed': 42, 'gpu': '3', 'runs': 10, 'dataset': 'roman-empire', 'source': 'critical', 'epochs': 2000, 'lr': 0.05, 'l2_coef': 5e-05, 'patience': 100, 'nhidden': 64, 'undirected': True, 'self_loop': True, 'normalize': -1, 'layers': 4, 'model': 'GCNII', 'dropout': 0, 'alpha': 0.2, 'lammbda': 1, 'variant': True}",critical
roman-empire,GAT,62.31±0.93,145.53,"{'seed': 42, 'gpu': '5', 'runs': 10, 'dataset': 'roman-empire', 'source': 'critical', 'epochs': 2000, 'lr': 0.05, 'l2_coef': 0, 'patience': 100, 'nhidden': 32, 'undirected': True, 'self_loop': True, 'normalize': -1, 'layers': 1, 'model': 'GAT', 'dropout': 0.5}",critical
amazon-ratings,GPRGNN,46.07±0.78,65.28,"{'seed': 42, 'gpu': '6', 'runs': 10, 'dataset': 'amazon-ratings', 'source': 'critical', 'epochs': 2000, 'lr': 0.05, 'l2_coef': 0.0, 'patience': 100, 'nhidden': 64, 'undirected': True, 'self_loop': True, 'normalize': -1, 'layers': 1, 'model': 'GPRGNN', 'alpha': 0.5, 'nlayers': 2, 'dprate': 0, 'init': 'PPR', 'dropout': 0.5, 'gamma': None}",critical
amazon-ratings,GCNII,47.65±0.48,145.14,"{'seed': 42, 'gpu': '3', 'runs': 10, 'dataset': 'amazon-ratings', 'source': 'critical', 'epochs': 2000, 'lr': 0.01, 'l2_coef': 0.0, 'patience': 100, 'nhidden': 64, 'undirected': True, 'self_loop': True, 'normalize': -1, 'layers': 4, 'model': 'GCNII', 'dropout': 0, 'alpha': 0.4, 'lammbda': 1.5, 'variant': True}",critical
roman-empire,GCN,36.23±0.57,384.08,"{'seed': 42, 'gpu': '3', 'runs': 10, 'dataset': 'roman-empire', 'source': 'critical', 'epochs': 2000, 'lr': 0.005, 'l2_coef': 0.0001, 'patience': 200, 'nhidden': 64, 'undirected': True, 'self_loop': True, 'normalize': -1, 'layers': 2, 'model': 'GCN', 'dropout': 0}",critical
roman-empire,OrderedGNN,82.65±0.91,437.63,"{'seed': 42, 'gpu': '0', 'runs': 10, 'dataset': 'roman-empire', 'source': 'critical', 'epochs': 2000, 'lr': 0.01, 'l2_coef': 0.0005, 'patience': 100, 'nhidden': 128, 'undirected': True, 'self_loop': True, 'normalize': -1, 'layers': 1, 'model': 'OrderedGNN', 'dropout': 0.4, 'dropout2': 0.1, 'global_gating': True, 'num_layers_input': 2, 'chunk_size': 64, 'hidden_channel': 256, 'num_layers': 8, 'add_self_loops': False, 'simple_gating': False, 'tm': True, 'diff_or': True}",critical
roman-empire,ACMGCN,72.58±0.35,438.66,"{'seed': 42, 'gpu': '0', 'runs': 10, 'dataset': 'roman-empire', 'source': 'critical', 'epochs': 2000, 'lr': 0.05, 'l2_coef': 0.0005, 'patience': 100, 'nhidden': 128, 'undirected': True, 'self_loop': True, 'normalize': -1, 'layers': 1, 'model': 'ACMGCN', 'dropout': 0.5, 'structure_info': 1, 'variant': 1, 'nhid': 64, 'nlayers': 1, 'init_layers_X': 1, 'acm_model': 'acmgcnp', 'nnodes': 22662}",critical
amazon-ratings,GCN,44.96±0.40,140.38,"{'seed': 42, 'gpu': '3', 'runs': 10, 'dataset': 'amazon-ratings', 'source': 'critical', 'epochs': 2000, 'lr': 0.001, 'l2_coef': 0.0, 'patience': 100, 'nhidden': 128, 'undirected': True, 'self_loop': True, 'normalize': -1, 'layers': 3, 'model': 'GCN', 'dropout': 0}",critical
amazon-ratings,GAT,47.41±0.80,510.84,"{'seed': 42, 'gpu': '5', 'runs': 10, 'dataset': 'amazon-ratings', 'source': 'critical', 'epochs': 2000, 'lr': 0.005, 'l2_coef': 0.0, 'patience': 200, 'nhidden': 128, 'undirected': True, 'self_loop': True, 'normalize': -1, 'layers': 3, 'model': 'GAT', 'dropout': 0.5}",critical
roman-empire,GloGNN,70.87±0.89,719.97,"{'seed': 42, 'gpu': '5', 'runs': 10, 'dataset': 'roman-empire', 'source': 'critical', 'epochs': 2000, 'lr': 0.005, 'l2_coef': 0.0001, 'patience': 200, 'nhidden': 128, 'undirected': True, 'self_loop': True, 'normalize': -1, 'layers': 1, 'model': 'GloGNN', 'dropout': 0.5, 'alpha': 1, 'beta': 1000, 'gamma': 0.7, 'delta': 1, 'norm_layers': 1, 'orders': 4, 'norm_func_id': 1, 'early_stopping': 100, 'nhid': 64, 'orders_func_id': 2, 'nnodes': 22662}",critical
amazon-ratings,GloGNN,49.01±0.74,73.95,"{'seed': 42, 'gpu': '5', 'runs': 10, 'dataset': 'amazon-ratings', 'source': 'critical', 'epochs': 2000, 'lr': 0.005, 'l2_coef': 1e-05, 'patience': 200, 'nhidden': 128, 'undirected': True, 'self_loop': True, 'normalize': -1, 'layers': 1, 'model': 'GloGNN', 'dropout': 0.6, 'alpha': 1, 'beta': 10, 'gamma': 0.8, 'delta': 0.5, 'norm_layers': 1, 'orders': 1, 'norm_func_id': 1, 'early_stopping': 100, 'nhid': 64, 'orders_func_id': 2, 'nnodes': 24492}",critical
roman-empire,H2GCN,68.70±1.66,815.54,"{'seed': 42, 'gpu': '7', 'runs': 10, 'dataset': 'roman-empire', 'source': 'critical', 'epochs': 2000, 'lr': 0.01, 'l2_coef': 5e-05, 'patience': 100, 'nhidden': 128, 'undirected': True, 'self_loop': True, 'normalize': -1, 'layers': 1, 'model': 'H2GCN', 'dropout': 0.5, 'use_relu': False, 'k': 2, 'hidden_dim': 64}",critical
amazon-ratings,OrderedGNN,51.58±0.99,501.21,"{'seed': 42, 'gpu': '0', 'runs': 10, 'dataset': 'amazon-ratings', 'source': 'critical', 'epochs': 2000, 'lr': 0.001, 'l2_coef': 5e-06, 'patience': 100, 'nhidden': 128, 'undirected': True, 'self_loop': True, 'normalize': -1, 'layers': 1, 'model': 'OrderedGNN', 'dropout': 0.1, 'dropout2': 0.1, 'global_gating': False, 'num_layers_input': 3, 'chunk_size': 64, 'hidden_channel': 256, 'num_layers': 8, 'add_self_loops': False, 'simple_gating': False, 'tm': True, 'diff_or': True}",critical
amazon-ratings,H2GCN,36.65±0.73,160.42,"{'seed': 42, 'gpu': '7', 'runs': 10, 'dataset': 'amazon-ratings', 'source': 'critical', 'epochs': 2000, 'lr': 0.01, 'l2_coef': 0.0, 'patience': 100, 'nhidden': 128, 'undirected': True, 'self_loop': True, 'normalize': -1, 'layers': 1, 'model': 'H2GCN', 'dropout': 0.0, 'use_relu': True, 'k': 2, 'hidden_dim': 64}",critical
amazon-ratings,ACMGCN,50.51±0.66,682.70,"{'seed': 42, 'gpu': '0', 'runs': 10, 'dataset': 'amazon-ratings', 'source': 'critical', 'epochs': 2000, 'lr': 0.01, 'l2_coef': 0.0005, 'patience': 100, 'nhidden': 128, 'undirected': True, 'self_loop': True, 'normalize': -1, 'layers': 1, 'model': 'ACMGCN', 'dropout': 0.8, 'structure_info': 1, 'variant': 1, 'nhid': 64, 'nlayers': 1, 'init_layers_X': 1, 'acm_model': 'acmgcnp', 'nnodes': 24492}",critical
roman-empire,MixHop,79.39±0.40,3117.44,"{'seed': 42, 'gpu': '7', 'runs': 10, 'dataset': 'roman-empire', 'source': 'critical', 'epochs': 2000, 'lr': 0.001, 'l2_coef': 1e-05, 'patience': 100, 'nhidden': 128, 'undirected': True, 'self_loop': True, 'normalize': -1, 'layers': 1, 'model': 'MixHop', 'layers_1': [200, 200, 200], 'dropout': 0.5, 'layers_2': [200, 200, 200], 'lambd': 0.0005, 'cut_off': 0.1, 'budget': 60}",critical
amazon-ratings,MixHop,47.91±0.53,3977.34,"{'seed': 42, 'gpu': '7', 'runs': 10, 'dataset': 'amazon-ratings', 'source': 'critical', 'epochs': 2000, 'lr': 0.005, 'l2_coef': 5e-05, 'patience': 100, 'nhidden': 128, 'undirected': True, 'self_loop': True, 'normalize': -1, 'layers': 1, 'model': 'MixHop', 'layers_1': [200, 200, 200], 'dropout': 0.5, 'layers_2': [200, 200, 200], 'lambd': 0.0005, 'cut_off': 0.1, 'budget': 60}",critical
roman-empire,GBKGNN,66.10±4.61,23352.58,"{'seed': 42, 'gpu': '2', 'runs': 10, 'dataset': 'roman-empire', 'source': 'critical', 'epochs': 2000, 'lr': 0.001, 'l2_coef': 0.0001, 'patience': 100, 'nhidden': 128, 'undirected': True, 'self_loop': True, 'normalize': -1, 'layers': 1, 'model': 'GBKGNN', 'lamda': 24, 'dim_size': 16}",critical
photo,GBKGNN,93.39±2.00,62890.73,"{'seed': 42, 'gpu': '1', 'runs': 10, 'dataset': 'photo', 'source': 'pyg', 'epochs': 2000, 'lr': 0.001, 'l2_coef': 0.001, 'patience': 100, 'nhidden': 128, 'undirected': True, 'self_loop': True, 'normalize': -1, 'layers': 1, 'model': 'GBKGNN', 'lamda': 14, 'dim_size': 16}",pyg
actor,GBKGNN,35.74±4.46,3622.02,"{'seed': 42, 'gpu': '1', 'runs': 10, 'dataset': 'actor', 'source': 'pyg', 'epochs': 2000, 'lr': 0.001, 'l2_coef': 0.001, 'patience': 100, 'nhidden': 128, 'undirected': True, 'self_loop': True, 'normalize': -1, 'layers': 1, 'model': 'GBKGNN', 'lamda': 4, 'dim_size': 16}",pyg
amazon-ratings,GBKGNN,41.00±1.62,18333.59,"{'seed': 42, 'gpu': '2', 'runs': 10, 'dataset': 'amazon-ratings', 'source': 'critical', 'epochs': 2000, 'lr': 0.001, 'l2_coef': 0.0001, 'patience': 100, 'nhidden': 128, 'undirected': True, 'self_loop': True, 'normalize': -1, 'layers': 1, 'model': 'GBKGNN', 'lamda': 36, 'dim_size': 16}",critical
pubmed,GBKGNN,88.66±0.43,19098.15,"{'seed': 42, 'gpu': '1', 'runs': 10, 'dataset': 'pubmed', 'source': 'pyg', 'epochs': 2000, 'lr': 0.001, 'l2_coef': 0.001, 'patience': 100, 'nhidden': 128, 'undirected': True, 'self_loop': True, 'normalize': -1, 'layers': 1, 'model': 'GBKGNN', 'lamda': 3, 'dim_size': 16}",pyg
wikics,GBKGNN,81.85±1.83,126020.18,"{'seed': 42, 'gpu': '1', 'runs': 10, 'dataset': 'wikics', 'source': 'pyg', 'epochs': 2000, 'lr': 0.001, 'l2_coef': 0.0001, 'patience': 100, 'nhidden': 128, 'undirected': True, 'self_loop': True, 'normalize': -1, 'layers': 1, 'model': 'GBKGNN', 'lamda': 20, 'dim_size': 16}",pyg

actor,IncepGCN,35.69±0.75,79.63,"{'seed': 42, 'gpu': '0', 'runs': 10, 'dataset': 'actor', 'source': 'pyg', 'epochs': 2000, 'lr': 0.001, 'l2_coef': 5e-05, 'patience': 100, 'nhidden': 512, 'undirected': True, 'self_loop': True, 'normalize': -1, 'layers': 1, 'model': 'IncepGCN', 'dropout': 0.5, 'n_layers': 2, 'type': 'max'}",pyg
amazon-ratings,IncepGCN,52.72±0.80,2306.47,"{'seed': 42, 'gpu': '4', 'runs': 10, 'dataset': 'amazon-ratings', 'source': 'critical', 'epochs': 2000, 'lr': 0.001, 'l2_coef': 5e-05, 'patience': 100, 'nhidden': 512, 'undirected': True, 'self_loop': True, 'normalize': -1, 'layers': 1, 'model': 'IncepGCN', 'dropout': 0.5, 'n_layers': 3, 'type': 'max'}",critical
blogcatalog,IncepGCN,96.67±0.48,115.59,"{'seed': 42, 'gpu': '0', 'runs': 10, 'dataset': 'blogcatalog', 'source': 'cola', 'epochs': 2000, 'lr': 0.001, 'l2_coef': 5e-05, 'patience': 100, 'nhidden': 512, 'undirected': True, 'self_loop': True, 'normalize': -1, 'layers': 1, 'model': 'IncepGCN', 'dropout': 0.5, 'n_layers': 2, 'type': 'max'}",cola
chameleon,IncepGCN,43.31±2.18,69.40,"{'seed': 42, 'gpu': '4', 'runs': 10, 'dataset': 'chameleon', 'source': 'critical', 'epochs': 2000, 'lr': 0.001, 'l2_coef': 5e-05, 'patience': 100, 'nhidden': 512, 'undirected': True, 'self_loop': True, 'normalize': -1, 'layers': 1, 'model': 'IncepGCN', 'dropout': 0.5, 'n_layers': 3, 'type': 'max'}",critical
flickr,IncepGCN,90.42±0.71,292.95,"{'seed': 42, 'gpu': '4', 'runs': 10, 'dataset': 'flickr', 'source': 'cola', 'epochs': 2000, 'lr': 0.001, 'l2_coef': 5e-05, 'patience': 100, 'nhidden': 512, 'undirected': True, 'self_loop': True, 'normalize': 1, 'layers': 1, 'model': 'IncepGCN', 'dropout': 0.5, 'n_layers': 3, 'type': 'max'}",cola
photo,IncepGCN,95.66±0.40,160.75,"{'seed': 42, 'gpu': '4', 'runs': 10, 'dataset': 'photo', 'source': 'pyg', 'epochs': 2000, 'lr': 0.001, 'l2_coef': 5e-05, 'patience': 100, 'nhidden': 512, 'undirected': True, 'self_loop': True, 'normalize': 1, 'layers': 1, 'model': 'IncepGCN', 'dropout': 0.5, 'n_layers': 3, 'type': 'max'}",pyg
pubmed,IncepGCN,89.32±0.47,546.59,"{'seed': 42, 'gpu': '0', 'runs': 10, 'dataset': 'pubmed', 'source': 'pyg', 'epochs': 2000, 'lr': 0.001, 'l2_coef': 5e-05, 'patience': 100, 'nhidden': 500, 'undirected': True, 'self_loop': True, 'normalize': -1, 'layers': 1, 'model': 'IncepGCN', 'dropout': 0.5, 'n_layers': 2, 'type': 'max'}",pyg
roman-empire,IncepGCN,80.97±0.49,1820.86,"{'seed': 42, 'gpu': '4', 'runs': 10, 'dataset': 'roman-empire', 'source': 'critical', 'epochs': 2000, 'lr': 0.001, 'l2_coef': 5e-05, 'patience': 100, 'nhidden': 512, 'undirected': True, 'self_loop': True, 'normalize': -1, 'layers': 1, 'model': 'IncepGCN', 'dropout': 0.5, 'n_layers': 3, 'type': 'max'}",critical
squirrel,IncepGCN,38.27±1.36,58.18,"{'seed': 42, 'gpu': '4', 'runs': 10, 'dataset': 'squirrel', 'source': 'critical', 'epochs': 2000, 'lr': 0.001, 'l2_coef': 5e-05, 'patience': 100, 'nhidden': 512, 'undirected': True, 'self_loop': True, 'normalize': -1, 'layers': 1, 'model': 'IncepGCN', 'dropout': 0.5, 'n_layers': 3, 'type': 'max'}",critical
wikics,IncepGCN,85.22±0.48,1600.14,"{'seed': 42, 'gpu': '0', 'runs': 10, 'dataset': 'wikics', 'source': 'pyg', 'epochs': 2000, 'lr': 0.001, 'l2_coef': 5e-05, 'patience': 100, 'nhidden': 300, 'undirected': True, 'self_loop': True, 'normalize': -1, 'layers': 1, 'model': 'IncepGCN', 'dropout': 0.5, 'n_layers': 8}",pyg

actor,GraphSAGE,34.52±0.64,274.05,"{'seed': 42, 'gpu': '0', 'runs': 10, 'dataset': 'actor', 'source': 'pyg', 'epochs': 2000, 'lr': 0.01, 'l2_coef': 5e-05, 'patience': 200, 'nhidden': 32, 'undirected': True, 'self_loop': True, 'normalize': -1, 'layers': 2, 'model': 'GraphSAGE', 'dropout': 0.5}",pyg
amazon-ratings,GraphSAGE,46.71±2.83,131.82,"{'seed': 42, 'gpu': '0', 'runs': 10, 'dataset': 'amazon-ratings', 'source': 'critical', 'epochs': 2000, 'lr': 0.001, 'l2_coef': 0.0, 'patience': 100, 'nhidden': 128, 'undirected': True, 'self_loop': True, 'normalize': -1, 'layers': 3, 'model': 'GraphSAGE', 'dropout': 0}",critical
blogcatalog,GraphSAGE,95.73±0.53,254.42,"{'seed': 42, 'gpu': '0', 'runs': 10, 'dataset': 'blogcatalog', 'source': 'cola', 'epochs': 2000, 'lr': 0.001, 'l2_coef': 0.0001, 'patience': 200, 'nhidden': 64, 'undirected': True, 'self_loop': True, 'normalize': -1, 'layers': 2, 'model': 'GraphSAGE', 'dropout': 0}",cola
chameleon,GraphSAGE,41.24±1.65,29.16,"{'seed': 42, 'gpu': '0', 'runs': 10, 'dataset': 'chameleon', 'source': 'critical', 'epochs': 2000, 'lr': 0.05, 'l2_coef': 0.0, 'patience': 200, 'nhidden': 64, 'undirected': True, 'self_loop': True, 'normalize': -1, 'layers': 1, 'model': 'GraphSAGE', 'dropout': 0}",critical
flickr,GraphSAGE,91.74±0.58,362.16,"{'seed': 42, 'gpu': '0', 'runs': 10, 'dataset': 'flickr', 'source': 'cola', 'epochs': 2000, 'lr': 0.01, 'l2_coef': 0.0, 'patience': 200, 'nhidden': 128, 'undirected': True, 'self_loop': True, 'normalize': 1, 'layers': 2, 'model': 'GraphSAGE', 'dropout': 0.5}",cola
photo,GraphSAGE,94.52±1.27,585.37,"{'seed': 42, 'gpu': '0', 'runs': 10, 'dataset': 'photo', 'source': 'pyg', 'epochs': 2000, 'lr': 0.01, 'l2_coef': 0.0, 'patience': 200, 'nhidden': 128, 'undirected': True, 'self_loop': True, 'normalize': 1, 'layers': 2, 'model': 'GraphSAGE', 'dropout': 0.5}",pyg
pubmed,GraphSAGE,88.71±0.65,248.93,"{'seed': 42, 'gpu': '0', 'runs': 10, 'dataset': 'pubmed', 'source': 'pyg', 'epochs': 2000, 'lr': 0.05, 'l2_coef': 0.0, 'patience': 100, 'nhidden': 64, 'undirected': True, 'self_loop': True, 'normalize': -1, 'layers': 2, 'model': 'GraphSAGE', 'dropout': 0.5}",pyg
roman-empire,GraphSAGE,66.39±2.16,203.92,"{'seed': 42, 'gpu': '0', 'runs': 10, 'dataset': 'roman-empire', 'source': 'critical', 'epochs': 2000, 'lr': 0.005, 'l2_coef': 0.0001, 'patience': 200, 'nhidden': 64, 'undirected': True, 'self_loop': True, 'normalize': -1, 'layers': 2, 'model': 'GraphSAGE', 'dropout': 0}",critical
squirrel,GraphSAGE,34.83±2.24,178.51,"{'seed': 42, 'gpu': '0', 'runs': 10, 'dataset': 'squirrel', 'source': 'critical', 'epochs': 2000, 'lr': 0.05, 'l2_coef': 0.001, 'patience': 200, 'nhidden': 128, 'undirected': True, 'self_loop': True, 'normalize': -1, 'layers': 2, 'model': 'GraphSAGE', 'dropout': 0.5}",critical
wikics,GraphSAGE,80.85±1.00,479.12,"{'seed': 42, 'gpu': '0', 'runs': 10, 'dataset': 'wikics', 'source': 'pyg', 'epochs': 2000, 'lr': 0.05, 'l2_coef': 0.0, 'patience': 200, 'nhidden': 64, 'undirected': True, 'self_loop': True, 'normalize': -1, 'layers': 2, 'model': 'GraphSAGE', 'dropout': 0.5}",pyg


actor,SIGN,36.76±1.00,58.08,"{'seed': 42, 'gpu': '5', 'runs': 10, 'dataset': 'actor', 'source': 'pyg', 'epochs': 2000, 'lr': 0.001, 'l2_coef': 5e-05, 'patience': 100, 'nhidden': 512, 'undirected': True, 'self_loop': True, 'normalize': -1, 'layers': 1, 'model': 'SIGN', 'dropout': 0.8, 'n_layers': 1, 'n_hops': 8}",pyg
amazon-ratings,SIGN,52.47±0.95,675.05,"{'seed': 42, 'gpu': '2', 'runs': 10, 'dataset': 'amazon-ratings', 'source': 'critical', 'epochs': 2000, 'lr': 0.001, 'l2_coef': 5e-05, 'patience': 100, 'nhidden': 512, 'undirected': True, 'self_loop': True, 'normalize': -1, 'layers': 1, 'model': 'SIGN', 'dropout': 0.5, 'n_layers': 1, 'n_hops': 8}",critical
blogcatalog,SIGN,96.06±0.68,184.63,"{'seed': 42, 'gpu': '5', 'runs': 10, 'dataset': 'blogcatalog', 'source': 'cola', 'epochs': 2000, 'lr': 0.001, 'l2_coef': 5e-05, 'patience': 100, 'nhidden': 512, 'undirected': True, 'self_loop': True, 'normalize': -1, 'layers': 1, 'model': 'SIGN', 'dropout': 0.8, 'n_layers': 1, 'n_hops': 8}",cola
chameleon,SIGN,44.66±3.46,36.31,"{'seed': 42, 'gpu': '5', 'runs': 10, 'dataset': 'chameleon', 'source': 'critical', 'epochs': 2000, 'lr': 0.001, 'l2_coef': 5e-05, 'patience': 100, 'nhidden': 512, 'undirected': True, 'self_loop': True, 'normalize': -1, 'layers': 1, 'model': 'SIGN', 'dropout': 0.8, 'n_layers': 1, 'n_hops': 8}",critical
flickr,SIGN,91.81±0.58,297.09,"{'seed': 42, 'gpu': '5', 'runs': 10, 'dataset': 'flickr', 'source': 'cola', 'epochs': 2000, 'lr': 0.001, 'l2_coef': 5e-05, 'patience': 100, 'nhidden': 512, 'undirected': True, 'self_loop': True, 'normalize': 1, 'layers': 1, 'model': 'SIGN', 'dropout': 0.8, 'n_layers': 1, 'n_hops': 8}",cola
pubmed,SIGN,90.29±0.50,493.85,"{'seed': 42, 'gpu': '2', 'runs': 10, 'dataset': 'pubmed', 'source': 'pyg', 'epochs': 2000, 'lr': 0.001, 'l2_coef': 5e-05, 'patience': 100, 'nhidden': 512, 'undirected': True, 'self_loop': True, 'normalize': -1, 'layers': 1, 'model': 'SIGN', 'dropout': 0.5, 'n_layers': 1, 'n_hops': 8}",pyg
roman-empire,SIGN,81.56±0.57,626.11,"{'seed': 42, 'gpu': '2', 'runs': 10, 'dataset': 'roman-empire', 'source': 'critical', 'epochs': 2000, 'lr': 0.001, 'l2_coef': 5e-05, 'patience': 100, 'nhidden': 512, 'undirected': True, 'self_loop': True, 'normalize': -1, 'layers': 1, 'model': 'SIGN', 'dropout': 0.5, 'n_layers': 1, 'n_hops': 8}",critical
squirrel,SIGN,42.13±1.99,24.05,"{'seed': 42, 'gpu': '2', 'runs': 10, 'dataset': 'squirrel', 'source': 'critical', 'epochs': 2000, 'lr': 0.001, 'l2_coef': 5e-05, 'patience': 100, 'nhidden': 512, 'undirected': True, 'self_loop': True, 'normalize': -1, 'layers': 1, 'model': 'SIGN', 'dropout': 0.5, 'n_layers': 1, 'n_hops': 8}",critical
wikics,SIGN,85.59±0.79,192.18,"{'seed': 42, 'gpu': '5', 'runs': 10, 'dataset': 'wikics', 'source': 'pyg', 'epochs': 2000, 'lr': 0.001, 'l2_coef': 5e-05, 'patience': 100, 'nhidden': 300, 'undirected': True, 'self_loop': True, 'normalize': -1, 'layers': 1, 'model': 'SIGN', 'dropout': 0.5, 'n_layers': 1, 'n_hops': 8}",pyg
photo,SIGN,95.53±0.43,130.81,"{'seed': 42, 'gpu': '2', 'runs': 10, 'dataset': 'photo', 'source': 'pyg', 'epochs': 2000, 'lr': 0.001, 'l2_coef': 5e-05, 'patience': 100, 'nhidden': 512, 'undirected': True, 'self_loop': True, 'normalize': 1, 'layers': 1, 'model': 'SIGN', 'dropout': 0.5, 'n_layers': 1, 'n_hops': 8}",pyg

actor,JKNet-GCN,30.49±1.71,48.55,"{'seed': 42, 'gpu': '3', 'runs': 10, 'dataset': 'actor', 'source': 'pyg', 'epochs': 2000, 'lr': 0.001, 'l2_coef': 5e-05, 'patience': 100, 'nhidden': 128, 'undirected': True, 'self_loop': True, 'normalize': -1, 'layers': 1, 'model': 'JKNet', 'dropout': 0.5, 'aggregation': 'mean', 'type': 'max', 'n_units': 512, 'n_layers': 3}",pyg
amazon-ratings,JKNet-GCN,48.15±0.93,235.77,"{'seed': 42, 'gpu': '3', 'runs': 10, 'dataset': 'amazon-ratings', 'source': 'critical', 'epochs': 2000, 'lr': 0.001, 'l2_coef': 5e-05, 'patience': 100, 'nhidden': 128, 'undirected': True, 'self_loop': True, 'normalize': -1, 'layers': 1, 'model': 'JKNet', 'dropout': 0.5, 'aggregation': 'mean', 'type': 'concat', 'n_units': 512, 'n_layers': 3, 'act': 'relu'}",critical
blogcatalog,JKNet-GCN,84.25±0.71,323.53,"{'seed': 42, 'gpu': '3', 'runs': 10, 'dataset': 'blogcatalog', 'source': 'cola', 'epochs': 2000, 'lr': 0.001, 'l2_coef': 5e-05, 'patience': 100, 'nhidden': 128, 'undirected': True, 'self_loop': True, 'normalize': -1, 'layers': 1, 'model': 'JKNet', 'dropout': 0.5, 'aggregation': 'mean', 'type': 'max', 'n_units': 512, 'n_layers': 3}",cola
chameleon,JKNet-GCN,43.31±3.12,33.34,"{'seed': 42, 'gpu': '3', 'runs': 10, 'dataset': 'chameleon', 'source': 'critical', 'epochs': 2000, 'lr': 0.001, 'l2_coef': 5e-05, 'patience': 100, 'nhidden': 128, 'undirected': True, 'self_loop': True, 'normalize': -1, 'layers': 1, 'model': 'JKNet', 'dropout': 0.5, 'aggregation': 'mean', 'type': 'concat', 'n_units': 512, 'n_layers': 3, 'act': 'relu'}",critical
flickr,JKNet-GCN,71.72±1.47,625.14,"{'seed': 42, 'gpu': '3', 'runs': 10, 'dataset': 'flickr', 'source': 'cola', 'epochs': 2000, 'lr': 0.001, 'l2_coef': 5e-05, 'patience': 100, 'nhidden': 128, 'undirected': True, 'self_loop': True, 'normalize': 1, 'layers': 1, 'model': 'JKNet', 'dropout': 0.5, 'aggregation': 'mean', 'type': 'max', 'n_units': 512, 'n_layers': 6}",cola
photo,JKNet-GCN,94.39±0.40,173.03,"{'seed': 42, 'gpu': '3', 'runs': 10, 'dataset': 'photo', 'source': 'pyg', 'epochs': 2000, 'lr': 0.001, 'l2_coef': 5e-05, 'patience': 100, 'nhidden': 128, 'undirected': True, 'self_loop': True, 'normalize': 1, 'layers': 1, 'model': 'JKNet', 'dropout': 0.5, 'aggregation': 'mean', 'type': 'concat', 'n_units': 512, 'n_layers': 3, 'act': 'relu'}",pyg
pubmed,JKNet-GCN,87.41±0.38,90.86,"{'seed': 42, 'gpu': '3', 'runs': 10, 'dataset': 'pubmed', 'source': 'pyg', 'epochs': 2000, 'lr': 0.001, 'l2_coef': 5e-05, 'patience': 100, 'nhidden': 128, 'undirected': True, 'self_loop': True, 'normalize': -1, 'layers': 1, 'model': 'JKNet', 'dropout': 0.5, 'aggregation': 'mean', 'type': 'concat', 'n_units': 512, 'n_layers': 3, 'act': 'relu'}",pyg
roman-empire,JKNet-GCN,69.61±0.42,216.70,"{'seed': 42, 'gpu': '3', 'runs': 10, 'dataset': 'roman-empire', 'source': 'critical', 'epochs': 2000, 'lr': 0.001, 'l2_coef': 5e-05, 'patience': 100, 'nhidden': 128, 'undirected': True, 'self_loop': True, 'normalize': -1, 'layers': 1, 'model': 'JKNet', 'dropout': 0.5, 'aggregation': 'mean', 'type': 'concat', 'n_units': 512, 'n_layers': 3, 'act': 'relu'}",critical
squirrel,JKNet-GCN,40.11±2.54,84.39,"{'seed': 42, 'gpu': '3', 'runs': 10, 'dataset': 'squirrel', 'source': 'critical', 'epochs': 2000, 'lr': 0.001, 'l2_coef': 5e-05, 'patience': 100, 'nhidden': 128, 'undirected': True, 'self_loop': True, 'normalize': -1, 'layers': 1, 'model': 'JKNet', 'dropout': 0.5, 'aggregation': 'mean', 'type': 'max', 'n_units': 512, 'n_layers': 6}",critical
wikics,JKNet-GCN,83.80±0.65,205.75,"{'seed': 42, 'gpu': '3', 'runs': 10, 'dataset': 'wikics', 'source': 'pyg', 'epochs': 2000, 'lr': 0.001, 'l2_coef': 5e-05, 'patience': 100, 'nhidden': 128, 'undirected': True, 'self_loop': True, 'normalize': -1, 'layers': 1, 'model': 'JKNet', 'dropout': 0.5, 'aggregation': 'mean', 'type': 'concat', 'n_units': 512, 'n_layers': 3, 'act': 'relu'}",pyg


actor,SGC,29.46±0.96,59.77,"{'seed': 42, 'gpu': '1', 'runs': 10, 'dataset': 'actor', 'source': 'pyg', 'epochs': 2000, 'lr': 0.01, 'l2_coef': 5e-05, 'patience': 100, 'nhidden': 32, 'undirected': True, 'self_loop': True, 'normalize': -1, 'layers': 1, 'model': 'SGC', 'dropout': 0.5, 'k': 1, 'type': 'max'}",pyg
amazon-ratings,SGC,41.32±0.80,72.58,"{'seed': 42, 'gpu': '4', 'runs': 10, 'dataset': 'amazon-ratings', 'source': 'critical', 'epochs': 2000, 'lr': 0.01, 'l2_coef': 5e-05, 'patience': 100, 'nhidden': 128, 'undirected': True, 'self_loop': True, 'normalize': -1, 'layers': 1, 'model': 'SGC', 'dropout': 0.5, 'k': 2, 'type': 'max'}",critical
blogcatalog,SGC,72.85±1.15,97.02,"{'seed': 42, 'gpu': '1', 'runs': 10, 'dataset': 'blogcatalog', 'source': 'cola', 'epochs': 2000, 'lr': 0.01, 'l2_coef': 5e-05, 'patience': 100, 'nhidden': 64, 'undirected': True, 'self_loop': True, 'normalize': -1, 'layers': 1, 'model': 'SGC', 'dropout': 0.5, 'k': 1, 'type': 'max'}",cola
chameleon,SGC,42.42±3.28,57.11,"{'seed': 42, 'gpu': '1', 'runs': 10, 'dataset': 'chameleon', 'source': 'critical', 'epochs': 2000, 'lr': 0.01, 'l2_coef': 5e-05, 'patience': 100, 'nhidden': 64, 'undirected': True, 'self_loop': True, 'normalize': -1, 'layers': 1, 'model': 'SGC', 'dropout': 0.5, 'k': 2, 'type': 'max'}",critical
flickr,SGC,59.02±1.48,524.14,"{'seed': 42, 'gpu': '1', 'runs': 10, 'dataset': 'flickr', 'source': 'cola', 'epochs': 2000, 'lr': 0.01, 'l2_coef': 5e-05, 'patience': 100, 'nhidden': 128, 'undirected': True, 'self_loop': True, 'normalize': 1, 'layers': 1, 'model': 'SGC', 'dropout': 0.5, 'k': 1, 'type': 'max'}",cola
photo,SGC,92.38±0.49,88.35,"{'seed': 42, 'gpu': '0', 'runs': 10, 'dataset': 'photo', 'source': 'pyg', 'epochs': 2000, 'lr': 0.01, 'l2_coef': 5e-05, 'patience': 100, 'nhidden': 128, 'undirected': True, 'self_loop': True, 'normalize': 1, 'layers': 1, 'model': 'SGC', 'dropout': 0.2, 'k': 1}",pyg
pubmed,SGC,87.14±0.57,124.16,"{'seed': 42, 'gpu': '0', 'runs': 10, 'dataset': 'pubmed', 'source': 'pyg', 'epochs': 2000, 'lr': 0.01, 'l2_coef': 5e-05, 'patience': 100, 'nhidden': 64, 'undirected': True, 'self_loop': True, 'normalize': -1, 'layers': 1, 'model': 'SGC', 'dropout': 0.2, 'k': 1}",pyg
roman-empire,SGC,42.90±0.50,73.66,"{'seed': 42, 'gpu': '1', 'runs': 10, 'dataset': 'roman-empire', 'source': 'critical', 'epochs': 2000, 'lr': 0.01, 'l2_coef': 5e-05, 'patience': 100, 'nhidden': 64, 'undirected': True, 'self_loop': True, 'normalize': -1, 'layers': 1, 'model': 'SGC', 'dropout': 0.5, 'k': 1}",critical
squirrel,SGC,39.75±1.85,77.73,"{'seed': 42, 'gpu': '1', 'runs': 10, 'dataset': 'squirrel', 'source': 'critical', 'epochs': 2000, 'lr': 0.01, 'l2_coef': 5e-05, 'patience': 100, 'nhidden': 128, 'undirected': True, 'self_loop': True, 'normalize': -1, 'layers': 1, 'model': 'SGC', 'dropout': 0.5, 'k': 1, 'type': 'max'}",critical
wikics,SGC,77.63±0.88,98.35,"{'seed': 42, 'gpu': '1', 'runs': 10, 'dataset': 'wikics', 'source': 'pyg', 'epochs': 2000, 'lr': 0.01, 'l2_coef': 5e-05, 'patience': 100, 'nhidden': 64, 'undirected': True, 'self_loop': True, 'normalize': -1, 'layers': 1, 'model': 'SGC', 'dropout': 0.2, 'k': 1}",pyg

actor,APPNP,35.09±0.79,31.99,"{'seed': 42, 'gpu': '2', 'runs': 10, 'dataset': 'actor', 'source': 'pyg', 'epochs': 2000, 'lr': 0.001, 'l2_coef': 5e-05, 'patience': 100, 'nhidden': 512, 'undirected': True, 'self_loop': True, 'normalize': -1, 'layers': [512, 512], 'model': 'APPNP', 'dropout': 0.1, 'alpha': 0.5, 'type': 'max', 'iterations': 10, 'adj_csr': <7600x7600 sparse matrix of type '<class 'numpy.int64'>'with 53318 stored elements in Compressed Sparse Row format>}",pyg
amazon-ratings,APPNP,47.72±0.54,67.52,"{'seed': 42, 'gpu': '0', 'runs': 10, 'dataset': 'amazon-ratings', 'source': 'critical', 'epochs': 2000, 'lr': 0.01, 'l2_coef': 5e-05, 'patience': 100, 'nhidden': 300, 'undirected': True, 'self_loop': True, 'normalize': -1, 'layers': [512, 512], 'model': 'APPNP', 'dropout': 0.5, 'alpha': 0.5, 'type': 'max', 'iterations': 3, 'adj_csr': <24492x24492 sparse matrix of type '<class 'numpy.int32'>'with 186100 stored elements in Compressed Sparse Row format>}",critical
blogcatalog,APPNP,96.13±0.58,20.50,"{'seed': 42, 'gpu': '0', 'runs': 10, 'dataset': 'blogcatalog', 'source': 'cola', 'epochs': 2000, 'lr': 0.01, 'l2_coef': 5e-05, 'patience': 100, 'nhidden': 512, 'undirected': True, 'self_loop': True, 'normalize': -1, 'layers': [512, 512], 'model': 'APPNP', 'dropout': 0.5, 'alpha': 0.5, 'type': 'app', 'iterations': 1, 'adj_csr': <5196x5196 sparse matrix of type '<class 'numpy.int64'>'with 343486 stored elements in Compressed Sparse Row format>}",cola
chameleon,APPNP,41.12±3.25,25.63,"{'seed': 42, 'gpu': '3', 'runs': 10, 'dataset': 'chameleon', 'source': 'critical', 'epochs': 2000, 'lr': 0.001, 'l2_coef': 5e-05, 'patience': 100, 'nhidden': 512, 'undirected': True, 'self_loop': True, 'normalize': -1, 'layers': [512, 512], 'model': 'APPNP', 'dropout': 0.5, 'alpha': 0.5, 'type': 'max', 'iterations': 10, 'adj_csr': <890x890 sparse matrix of type '<class 'numpy.int32'>'with 17708 stored elements in Compressed Sparse Row format>}",critical
flickr,APPNP,91.21±0.52,156.12,"{'seed': 42, 'gpu': '0', 'runs': 10, 'dataset': 'flickr', 'source': 'cola', 'epochs': 2000, 'lr': 0.001, 'l2_coef': 5e-05, 'patience': 100, 'nhidden': 512, 'undirected': True, 'self_loop': True, 'normalize': 1, 'layers': [512, 512], 'model': 'APPNP', 'dropout': 0.5, 'alpha': 0.2, 'type': 'app', 'iterations': 10, 'adj_csr': <7575x7575 sparse matrix of type '<class 'numpy.int64'>'with 479476 stored elements in Compressed Sparse Row format>}",cola
photo,APPNP,95.05±0.43,57.40,"{'seed': 42, 'gpu': '0', 'runs': 10, 'dataset': 'photo', 'source': 'pyg', 'epochs': 2000, 'lr': 0.01, 'l2_coef': 5e-05, 'patience': 100, 'nhidden': 512, 'undirected': True, 'self_loop': True, 'normalize': 1, 'layers': [512, 512], 'model': 'APPNP', 'dropout': 0.2, 'alpha': 0.1, 'type': 'app', 'iterations': 10, 'adj_csr': <7650x7650 sparse matrix of type '<class 'numpy.int64'>'with 238162 stored elements in Compressed Sparse Row format>}",pyg
pubmed,APPNP,87.97±0.62,113.25,"{'seed': 42, 'gpu': '2', 'runs': 10, 'dataset': 'pubmed', 'source': 'pyg', 'epochs': 2000, 'lr': 0.001, 'l2_coef': 5e-05, 'patience': 100, 'nhidden': 500, 'undirected': True, 'self_loop': True, 'normalize': -1, 'layers': [512, 512], 'model': 'APPNP', 'dropout': 0.2, 'alpha': 0.1, 'type': 'max', 'iterations': 10, 'adj_csr': <19717x19717 sparse matrix of type '<class 'numpy.int64'>'with 88648 stored elements in Compressed Sparse Row format>}",pyg
roman-empire,APPNP,71.76±0.34,33.60,"{'seed': 42, 'gpu': '0', 'runs': 10, 'dataset': 'roman-empire', 'source': 'critical', 'epochs': 2000, 'lr': 0.01, 'l2_coef': 5e-05, 'patience': 100, 'nhidden': 300, 'undirected': True, 'self_loop': True, 'normalize': -1, 'layers': [512, 512], 'model': 'APPNP', 'dropout': 0.5, 'alpha': 0.5, 'type': 'app', 'iterations': 1, 'adj_csr': <22662x22662 sparse matrix of type '<class 'numpy.int32'>'with 65854 stored elements in Compressed Sparse Row format>}",critical
squirrel,APPNP,34.18±1.68,10.58,"{'seed': 42, 'gpu': '1', 'runs': 10, 'dataset': 'squirrel', 'source': 'critical', 'epochs': 2000, 'lr': 0.05, 'l2_coef': 5e-05, 'patience': 100, 'nhidden': 512, 'undirected': True, 'self_loop': True, 'normalize': -1, 'layers': [512, 512], 'model': 'APPNP', 'dropout': 0.5, 'alpha': 0.2, 'type': 'app', 'iterations': 1, 'adj_csr': <2223x2223 sparse matrix of type '<class 'numpy.int32'>'with 93996 stored elements in Compressed Sparse Row format>}",critical
wikics,APPNP,83.04±0.94,78.20,"{'seed': 42, 'gpu': '3', 'runs': 10, 'dataset': 'wikics', 'source': 'pyg', 'epochs': 2000, 'lr': 0.01, 'l2_coef': 5e-05, 'patience': 100, 'nhidden': 300, 'undirected': True, 'self_loop': True, 'normalize': -1, 'layers': [512, 512], 'model': 'APPNP', 'dropout': 0.2, 'alpha': 0.1, 'type': 'max', 'iterations': 10, 'adj_csr': <11701x11701 sparse matrix of type '<class 'numpy.int64'>'with 431206 stored elements in Compressed Sparse Row format>}",pyg


actor,DAGNN,35.04±1.03,2618.22,"{'seed': 42, 'gpu': '0', 'runs': 10, 'dataset': 'actor', 'source': 'pyg', 'epochs': 2000, 'lr': 0.001, 'l2_coef': 5e-05, 'patience': 100, 'nhidden': 64, 'undirected': True, 'self_loop': True, 'normalize': -1, 'layers': 1, 'model': 'DAGNN', 'dropout': 0.5, 'k': 1}",pyg
amazon-ratings,DAGNN,50.44±0.52,2086.78,"{'seed': 42, 'gpu': '0', 'runs': 10, 'dataset': 'amazon-ratings', 'source': 'critical', 'epochs': 2000, 'lr': 0.01, 'l2_coef': 5e-05, 'patience': 100, 'nhidden': 512, 'undirected': True, 'self_loop': True, 'normalize': -1, 'layers': 1, 'model': 'DAGNN', 'dropout': 0.2, 'k': 3}",critical
blogcatalog,DAGNN,96.73±0.61,5680.56,"{'seed': 42, 'gpu': '0', 'runs': 10, 'dataset': 'blogcatalog', 'source': 'cola', 'epochs': 2000, 'lr': 0.001, 'l2_coef': 5e-05, 'patience': 100, 'nhidden': 64, 'undirected': True, 'self_loop': True, 'normalize': -1, 'layers': 1, 'model': 'DAGNN', 'dropout': 0.8, 'k': 1}",cola
chameleon,DAGNN,40.96±2.91,1981.98,"{'seed': 42, 'gpu': '0', 'runs': 10, 'dataset': 'chameleon', 'source': 'critical', 'epochs': 2000, 'lr': 0.001, 'l2_coef': 5e-05, 'patience': 100, 'nhidden': 256, 'undirected': True, 'self_loop': True, 'normalize': -1, 'layers': 1, 'model': 'DAGNN', 'dropout': 0.2, 'k': 3}",critical
flickr,DAGNN,92.18±0.73,18807.04,"{'seed': 42, 'gpu': '0', 'runs': 10, 'dataset': 'flickr', 'source': 'cola', 'epochs': 2000, 'lr': 0.001, 'l2_coef': 5e-05, 'patience': 100, 'nhidden': 128, 'undirected': True, 'self_loop': True, 'normalize': 1, 'layers': 1, 'model': 'DAGNN', 'dropout': 0.8, 'k': 3}",cola
photo,DAGNN,95.70±0.40,3031.74,"{'seed': 42, 'gpu': '0', 'runs': 10, 'dataset': 'photo', 'source': 'pyg', 'epochs': 2000, 'lr': 0.01, 'l2_coef': 5e-05, 'patience': 100, 'nhidden': 128, 'undirected': True, 'self_loop': True, 'normalize': 1, 'layers': 1, 'model': 'DAGNN', 'dropout': 0.5, 'k': 3}",pyg
pubmed,DAGNN,89.76±0.55,2327.76,"{'seed': 42, 'gpu': '0', 'runs': 10, 'dataset': 'pubmed', 'source': 'pyg', 'epochs': 2000, 'lr': 0.01, 'l2_coef': 5e-05, 'patience': 100, 'nhidden': 512, 'undirected': True, 'self_loop': True, 'normalize': -1, 'layers': 1, 'model': 'DAGNN', 'dropout': 0.5, 'k': 3}",pyg
roman-empire,DAGNN,73.94±0.45,12578.53,"{'seed': 42, 'gpu': '0', 'runs': 10, 'dataset': 'roman-empire', 'source': 'critical', 'epochs': 2000, 'lr': 0.001, 'l2_coef': 5e-05, 'patience': 100, 'nhidden': 512, 'undirected': True, 'self_loop': True, 'normalize': -1, 'layers': 1, 'model': 'DAGNN', 'dropout': 0.5, 'k': 1}",critical
squirrel,DAGNN,35.62±1.48,1249.52,"{'seed': 42, 'gpu': '0', 'runs': 10, 'dataset': 'squirrel', 'source': 'critical', 'epochs': 2000, 'lr': 0.01, 'l2_coef': 5e-05, 'patience': 100, 'nhidden': 512, 'undirected': True, 'self_loop': True, 'normalize': -1, 'layers': 1, 'model': 'DAGNN', 'dropout': 0.8, 'k': 1}",critical
wikics,DAGNN,85.07±0.73,1770.09,"{'seed': 42, 'gpu': '0', 'runs': 10, 'dataset': 'wikics', 'source': 'pyg', 'epochs': 2000, 'lr': 0.01, 'l2_coef': 5e-05, 'patience': 100, 'nhidden': 512, 'undirected': True, 'self_loop': True, 'normalize': -1, 'layers': 1, 'model': 'DAGNN', 'dropout': 0.2, 'k': 3}",pyg

actor,SGFormer,37.36±1.11,16984.13,"{'seed': 42, 'gpu': '7', 'runs': 10, 'dataset': 'actor', 'source': 'pyg', 'epochs': 2000, 'lr': 0.001, 'l2_coef': 0.0005, 'patience': 100, 'nhidden': 128, 'undirected': True, 'self_loop': True, 'normalize': -1, 'layers': 1, 'model': 'SGFormer', 'dropout': 0.5, 'num_layers': 4, 'num_heads': 1, 'alpha': 0.5, 'use_bn': True, 'use_residual': True, 'use_weight': True, 'use_graph': True, 'use_act': False, 'graph_weight': 0.2, 'gnn': 'gcn', 'aggregate': 'add'}",pyg
blogcatalog,SGFormer,96.98±0.59,18287.06,"{'seed': 42, 'gpu': '5', 'runs': 10, 'dataset': 'blogcatalog', 'source': 'cola', 'epochs': 2000, 'lr': 0.001, 'l2_coef': 5e-05, 'patience': 100, 'nhidden': 128, 'undirected': True, 'self_loop': True, 'normalize': -1, 'layers': 1, 'model': 'SGFormer', 'dropout': 0.2, 'num_layers': 2, 'num_heads': 1, 'alpha': 0.5, 'use_bn': True, 'use_residual': True, 'use_weight': True, 'use_graph': True, 'use_act': False, 'graph_weight': 0.8, 'gnn': 'gcn', 'aggregate': 'add'}",cola
flickr,SGFormer,91.62±0.55,19353.08,"{'seed': 42, 'gpu': '5', 'runs': 10, 'dataset': 'flickr', 'source': 'cola', 'epochs': 2000, 'lr': 0.001, 'l2_coef': 5e-05, 'patience': 100, 'nhidden': 128, 'undirected': True, 'self_loop': True, 'normalize': 1, 'layers': 1, 'model': 'SGFormer', 'dropout': 0.2, 'num_layers': 1, 'num_heads': 1, 'alpha': 0.5, 'use_bn': True, 'use_residual': True, 'use_weight': True, 'use_graph': True, 'use_act': False, 'graph_weight': 0.8, 'gnn': 'gcn', 'aggregate': 'add'}",cola
pubmed,SGFormer,89.75±0.44,31281.76,"{'seed': 42, 'gpu': '7', 'runs': 10, 'dataset': 'pubmed', 'source': 'pyg', 'epochs': 2000, 'lr': 0.001, 'l2_coef': 0.01, 'patience': 100, 'nhidden': 32, 'undirected': True, 'self_loop': True, 'normalize': -1, 'layers': 1, 'model': 'SGFormer', 'dropout': 0.8, 'num_layers': 1, 'num_heads': 1, 'alpha': 0.5, 'use_bn': True, 'use_residual': True, 'use_weight': True, 'use_graph': True, 'use_act': False, 'graph_weight': 0.5, 'gnn': 'gcn', 'aggregate': 'add'}",pyg
photo,SGFormer,95.84±0.41,43968.32,"{'seed': 42, 'gpu': '7', 'runs': 10, 'dataset': 'photo', 'source': 'pyg', 'epochs': 2000, 'lr': 0.001, 'l2_coef': 5e-05, 'patience': 100, 'nhidden': 128, 'undirected': True, 'self_loop': True, 'normalize': 1, 'layers': 1, 'model': 'SGFormer', 'dropout': 0.8, 'num_layers': 1, 'num_heads': 1, 'alpha': 0.5, 'use_bn': True, 'use_residual': True, 'use_weight': True, 'use_graph': True, 'use_act': False, 'graph_weight': 0.5, 'gnn': 'gcn', 'aggregate': 'add'}",pyg
roman-empire,SGFormer,75.71±0.44,46308.34,"{'seed': 42, 'gpu': '5', 'runs': 10, 'dataset': 'roman-empire', 'source': 'critical', 'epochs': 2000, 'lr': 0.001, 'l2_coef': 5e-05, 'patience': 100, 'nhidden': 128, 'undirected': True, 'self_loop': True, 'normalize': -1, 'layers': 1, 'model': 'SGFormer', 'dropout': 0.5, 'num_layers': 2, 'num_heads': 1, 'alpha': 0.5, 'use_bn': True, 'use_residual': True, 'use_weight': True, 'use_graph': True, 'use_act': False, 'graph_weight': 0.2, 'gnn': 'gcn', 'aggregate': 'add'}",critical
wikics,SGFormer,84.72±0.72,20385.41,"{'seed': 42, 'gpu': '7', 'runs': 10, 'dataset': 'wikics', 'source': 'pyg', 'epochs': 2000, 'lr': 0.01, 'l2_coef': 5e-05, 'patience': 100, 'nhidden': 128, 'undirected': True, 'self_loop': True, 'normalize': -1, 'layers': 1, 'model': 'SGFormer', 'dropout': 0.8, 'num_layers': 1, 'num_heads': 1, 'alpha': 0.5, 'use_bn': True, 'use_residual': True, 'use_weight': True, 'use_graph': True, 'use_act': False, 'graph_weight': 0.5, 'gnn': 'gcn', 'aggregate': 'add'}",pyg
squirrel,SGFormer,42.22±2.45,9568.95,"{'seed': 42, 'gpu': '5', 'runs': 10, 'dataset': 'squirrel', 'source': 'critical', 'epochs': 2000, 'lr': 0.01, 'l2_coef': 0.0005, 'patience': 100, 'nhidden': 64, 'undirected': True, 'self_loop': True, 'normalize': -1, 'layers': 1, 'model': 'SGFormer', 'dropout': 0.8, 'num_layers': 8, 'num_heads': 1, 'alpha': 0.5, 'use_bn': True, 'use_residual': True, 'use_weight': True, 'use_graph': True, 'use_act': False, 'graph_weight': 0.8, 'gnn': 'gcn', 'aggregate': 'add'}",critical
chameleon,SGFormer,44.44±3.01,9068.54,"{'seed': 42, 'gpu': '5', 'runs': 10, 'dataset': 'chameleon', 'source': 'critical', 'epochs': 2000, 'lr': 0.01, 'l2_coef': 0.001, 'patience': 100, 'nhidden': 32, 'undirected': True, 'self_loop': True, 'normalize': -1, 'layers': 1, 'model': 'SGFormer', 'dropout': 0.8, 'num_layers': 4, 'num_heads': 1, 'alpha': 0.5, 'use_bn': True, 'use_residual': True, 'use_weight': True, 'use_graph': True, 'use_act': False, 'graph_weight': 0.5, 'gnn': 'gcn', 'aggregate': 'add'}",critical
amazon-ratings,SGFormer,51.60±0.62,13941.42,"{'seed': 42, 'gpu': '5', 'runs': 10, 'dataset': 'amazon-ratings', 'source': 'critical', 'epochs': 2000, 'lr': 0.01, 'l2_coef': 5e-05, 'patience': 100, 'nhidden': 128, 'undirected': True, 'self_loop': True, 'normalize': -1, 'layers': 1, 'model': 'SGFormer', 'dropout': 0.5, 'num_layers': 1, 'num_heads': 1, 'alpha': 0.5, 'use_bn': True, 'use_residual': True, 'use_weight': True, 'use_graph': True, 'use_act': False, 'graph_weight': 0.2, 'gnn': 'gcn', 'aggregate': 'add'}",critical


actor,DIFFormer,36.13±1.19,75.31,"{'seed': 42, 'gpu': '2', 'runs': 10, 'dataset': 'actor', 'source': 'pyg', 'epochs': 2000, 'lr': 0.01, 'l2_coef': 5e-05, 'patience': 100, 'nhidden': 32, 'undirected': True, 'self_loop': True, 'normalize': -1, 'layers': 1, 'model': 'DIFFormer', 'dropout': 0.2, 'num_layers': 2, 'num_heads': 1, 'kernel': 'simple', 'alpha': 0.5, 'use_bn': True, 'use_residual': True, 'use_weight': True, 'use_graph': True}",pyg
blogcatalog,DIFFormer,96.50±0.71,7845.53,"{'seed': 42, 'gpu': '1', 'runs': 10, 'dataset': 'blogcatalog', 'source': 'cola', 'epochs': 2000, 'lr': 0.001, 'l2_coef': 5e-05, 'patience': 100, 'nhidden': 128, 'undirected': True, 'self_loop': True, 'normalize': -1, 'layers': 1, 'model': 'DIFFormer', 'dropout': 0.5, 'num_layers': 2, 'num_heads': 1, 'kernel': 'simple', 'alpha': 0.5, 'use_bn': True, 'use_residual': True, 'use_weight': True, 'use_graph': True}",cola
flickr,DIFFormer,90.86±0.58,7632.86,"{'seed': 42, 'gpu': '1', 'runs': 10, 'dataset': 'flickr', 'source': 'cola', 'epochs': 2000, 'lr': 0.001, 'l2_coef': 5e-05, 'patience': 100, 'nhidden': 128, 'undirected': True, 'self_loop': True, 'normalize': 1, 'layers': 1, 'model': 'DIFFormer', 'dropout': 0.5, 'num_layers': 2, 'num_heads': 1, 'kernel': 'simple', 'alpha': 0.5, 'use_bn': True, 'use_residual': True, 'use_weight': True, 'use_graph': True}",cola
pubmed,DIFFormer,88.90±0.47,10746.20,"{'seed': 42, 'gpu': '2', 'runs': 10, 'dataset': 'pubmed', 'source': 'pyg', 'epochs': 2000, 'lr': 0.001, 'l2_coef': 0.0001, 'patience': 100, 'nhidden': 32, 'undirected': True, 'self_loop': True, 'normalize': -1, 'layers': 1, 'model': 'DIFFormer', 'dropout': 0.8, 'num_layers': 2, 'num_heads': 1, 'kernel': 'simple', 'alpha': 0.5, 'use_bn': True, 'use_residual': True, 'use_weight': True, 'use_graph': True}",pyg
photo,DIFFormer,95.67±0.29,9663.91,"{'seed': 42, 'gpu': '2', 'runs': 10, 'dataset': 'photo', 'source': 'pyg', 'epochs': 2000, 'lr': 0.001, 'l2_coef': 5e-05, 'patience': 100, 'nhidden': 128, 'undirected': True, 'self_loop': True, 'normalize': 1, 'layers': 1, 'model': 'DIFFormer', 'dropout': 0.5, 'num_layers': 2, 'num_heads': 1, 'kernel': 'simple', 'alpha': 0.5, 'use_bn': True, 'use_residual': True, 'use_weight': True, 'use_graph': True}",pyg
roman-empire,DIFFormer,79.36±0.54,11991.55,"{'seed': 42, 'gpu': '1', 'runs': 10, 'dataset': 'roman-empire', 'source': 'critical', 'epochs': 2000, 'lr': 0.001, 'l2_coef': 5e-05, 'patience': 100, 'nhidden': 128, 'undirected': True, 'self_loop': True, 'normalize': -1, 'layers': 1, 'model': 'DIFFormer', 'dropout': 0.2, 'num_layers': 4, 'num_heads': 1, 'kernel': 'simple', 'alpha': 0.5, 'use_bn': True, 'use_residual': True, 'use_weight': True, 'use_graph': True}",critical
wikics,DIFFormer,84.27±0.75,3133.68,"{'seed': 42, 'gpu': '2', 'runs': 10, 'dataset': 'wikics', 'source': 'pyg', 'epochs': 2000, 'lr': 0.01, 'l2_coef': 5e-05, 'patience': 100, 'nhidden': 128, 'undirected': True, 'self_loop': True, 'normalize': -1, 'layers': 1, 'model': 'DIFFormer', 'dropout': 0.5, 'num_layers': 1, 'num_heads': 1, 'kernel': 'simple', 'alpha': 0.5, 'use_bn': True, 'use_residual': True, 'use_weight': True, 'use_graph': True}",pyg
squirrel,DIFFormer,41.12±1.09,4257.71,"{'seed': 42, 'gpu': '1', 'runs': 10, 'dataset': 'squirrel', 'source': 'critical', 'epochs': 2000, 'lr': 0.001, 'l2_coef': 5e-05, 'patience': 100, 'nhidden': 64, 'undirected': True, 'self_loop': True, 'normalize': -1, 'layers': 1, 'model': 'DIFFormer', 'dropout': 0.2, 'num_layers': 8, 'num_heads': 1, 'kernel': 'simple', 'alpha': 0.5, 'use_bn': True, 'use_residual': True, 'use_weight': True, 'use_graph': True}",critical
chameleon,DIFFormer,41.69±2.96,3175.28,"{'seed': 42, 'gpu': '1', 'runs': 10, 'dataset': 'chameleon', 'source': 'critical', 'epochs': 2000, 'lr': 0.01, 'l2_coef': 5e-05, 'patience': 100, 'nhidden': 64, 'undirected': True, 'self_loop': True, 'normalize': -1, 'layers': 1, 'model': 'DIFFormer', 'dropout': 0.8, 'num_layers': 2, 'num_heads': 1, 'kernel': 'simple', 'alpha': 0.5, 'use_bn': True, 'use_residual': True, 'use_weight': True, 'use_graph': True}",critical
amazon-ratings,DIFFormer,49.33±0.97,2748.08,"{'seed': 42, 'gpu': '1', 'runs': 10, 'dataset': 'amazon-ratings', 'source': 'critical', 'epochs': 2000, 'lr': 0.01, 'l2_coef': 5e-05, 'patience': 100, 'nhidden': 128, 'undirected': True, 'self_loop': True, 'normalize': -1, 'layers': 1, 'model': 'DIFFormer', 'dropout': 0.5, 'num_layers': 1, 'num_heads': 1, 'kernel': 'simple', 'alpha': 0.5, 'use_bn': True, 'use_residual': True, 'use_weight': True, 'use_graph': True}",critical


actor,NodeFormer,36.10±1.09,6719.76,"{'seed': 42, 'gpu': '4', 'runs': 10, 'dataset': 'actor', 'source': 'pyg', 'epochs': 2000, 'lr': 0.01, 'l2_coef': 0.05, 'patience': 100, 'nhidden': 32, 'undirected': True, 'self_loop': True, 'normalize': -1, 'layers': 1, 'model': 'NodeFormer', 'dropout': 0.5, 'num_layers': 2, 'num_heads': 1, 'nb_random_features': 30, 'use_bn': True, 'use_gumbel': True, 'use_residual': True, 'use_act': False, 'use_jk': False, 'nb_gumbel_sample': 10, 'rb_order': 2, 'rb_trans': 'sigmoid', 'use_edge_loss': True, 'lamda': 0.1, 'tau': 0.25}",pyg
blogcatalog,NodeFormer,94.28±0.67,75124.28,"{'seed': 42, 'gpu': '3', 'runs': 10, 'dataset': 'blogcatalog', 'source': 'cola', 'epochs': 2000, 'lr': 0.001, 'l2_coef': 5e-05, 'patience': 100, 'nhidden': 64, 'undirected': True, 'self_loop': True, 'normalize': -1, 'layers': 1, 'model': 'NodeFormer', 'dropout': 0.5, 'num_layers': 4, 'num_heads': 1, 'nb_random_features': 30, 'use_bn': True, 'use_gumbel': True, 'use_residual': True, 'use_act': False, 'use_jk': False, 'nb_gumbel_sample': 10, 'rb_order': 2, 'rb_trans': 'sigmoid', 'use_edge_loss': True, 'lamda': 1, 'tau': 0.25}",cola
pubmed,NodeFormer,88.36±0.43,18297.62,"{'seed': 42, 'gpu': '4', 'runs': 10, 'dataset': 'pubmed', 'source': 'pyg', 'epochs': 2000, 'lr': 0.001, 'l2_coef': 5e-05, 'patience': 100, 'nhidden': 32, 'undirected': True, 'self_loop': True, 'normalize': -1, 'layers': 1, 'model': 'NodeFormer', 'dropout': 0.2, 'num_layers': 2, 'num_heads': 1, 'nb_random_features': 30, 'use_bn': True, 'use_gumbel': True, 'use_residual': True, 'use_act': False, 'use_jk': False, 'nb_gumbel_sample': 10, 'rb_order': 2, 'rb_trans': 'sigmoid', 'use_edge_loss': True, 'lamda': 1, 'tau': 0.25}",pyg
photo,NodeFormer,93.81±0.75,66624.25,"{'seed': 42, 'gpu': '4', 'runs': 10, 'dataset': 'photo', 'source': 'pyg', 'epochs': 2000, 'lr': 0.0005, 'l2_coef': 5e-05, 'patience': 100, 'nhidden': 64, 'undirected': True, 'self_loop': True, 'normalize': 1, 'layers': 1, 'model': 'NodeFormer', 'dropout': 0.2, 'num_layers': 2, 'num_heads': 1, 'nb_random_features': 30, 'use_bn': True, 'use_gumbel': True, 'use_residual': True, 'use_act': False, 'use_jk': False, 'nb_gumbel_sample': 10, 'rb_order': 2, 'rb_trans': 'sigmoid', 'use_edge_loss': True, 'lamda': 1, 'tau': 0.25}",pyg
flickr,NodeFormer,89.05±0.99,105365.82,"{'seed': 42, 'gpu': '3', 'runs': 10, 'dataset': 'flickr', 'source': 'cola', 'epochs': 2000, 'lr': 0.001, 'l2_coef': 5e-05, 'patience': 100, 'nhidden': 64, 'undirected': True, 'self_loop': True, 'normalize': 1, 'layers': 1, 'model': 'NodeFormer', 'dropout': 0.2, 'num_layers': 4, 'num_heads': 1, 'nb_random_features': 30, 'use_bn': True, 'use_gumbel': True, 'use_residual': True, 'use_act': False, 'use_jk': False, 'nb_gumbel_sample': 10, 'rb_order': 2, 'rb_trans': 'sigmoid', 'use_edge_loss': True, 'lamda': 1, 'tau': 0.25}",cola
wikics,NodeFormer,80.98±0.84,89651.82,"{'seed': 42, 'gpu': '4', 'runs': 10, 'dataset': 'wikics', 'source': 'pyg', 'epochs': 2000, 'lr': 0.001, 'l2_coef': 5e-05, 'patience': 100, 'nhidden': 32, 'undirected': True, 'self_loop': True, 'normalize': -1, 'layers': 1, 'model': 'NodeFormer', 'dropout': 0.2, 'num_layers': 4, 'num_heads': 1, 'nb_random_features': 30, 'use_bn': True, 'use_gumbel': True, 'use_residual': True, 'use_act': False, 'use_jk': False, 'nb_gumbel_sample': 10, 'rb_order': 2, 'rb_trans': 'sigmoid', 'use_edge_loss': True, 'lamda': 0, 'tau': 0.25}",pyg
roman-empire,NodeFormer,70.24±1.58,944.37,"{'seed': 42, 'gpu': '3', 'runs': 10, 'dataset': 'roman-empire', 'source': 'critical', 'epochs': 2000, 'lr': 0.01, 'l2_coef': 5e-05, 'patience': 100, 'nhidden': 32, 'undirected': True, 'self_loop': True, 'normalize': -1, 'layers': 1, 'model': 'NodeFormer', 'dropout': 0.2, 'num_layers': 4, 'num_heads': 1, 'nb_random_features': 30, 'use_bn': True, 'use_gumbel': True, 'use_residual': True, 'use_act': False, 'use_jk': False, 'nb_gumbel_sample': 10, 'rb_order': 2, 'rb_trans': 'sigmoid', 'use_edge_loss': True, 'lamda': 0.1, 'tau': 0.25}",critical
squirrel,NodeFormer,38.38±1.81,1441.12,"{'seed': 42, 'gpu': '3', 'runs': 10, 'dataset': 'squirrel', 'source': 'critical', 'epochs': 2000, 'lr': 0.01, 'l2_coef': 5e-05, 'patience': 100, 'nhidden': 32, 'undirected': True, 'self_loop': True, 'normalize': -1, 'layers': 1, 'model': 'NodeFormer', 'dropout': 0.2, 'num_layers': 8, 'num_heads': 1, 'nb_random_features': 30, 'use_bn': True, 'use_gumbel': True, 'use_residual': True, 'use_act': False, 'use_jk': False, 'nb_gumbel_sample': 10, 'rb_order': 2, 'rb_trans': 'sigmoid', 'use_edge_loss': True, 'lamda': 0.1, 'tau': 0.25}",critical
chameleon,NodeFormer,38.93±3.68,443.74,"{'seed': 42, 'gpu': '0', 'runs': 10, 'dataset': 'chameleon', 'source': 'critical', 'epochs': 2000, 'lr': 0.01, 'l2_coef': 5e-05, 'patience': 100, 'nhidden': 128, 'undirected': True, 'self_loop': True, 'normalize': -1, 'layers': 1, 'model': 'NodeFormer', 'dropout': 0.2, 'num_layers': 2, 'num_heads': 1, 'nb_random_features': 30, 'use_bn': True, 'use_gumbel': True, 'use_residual': True, 'use_act': False, 'use_jk': False, 'nb_gumbel_sample': 10, 'rb_order': 2, 'rb_trans': 'sigmoid', 'use_edge_loss': True, 'lamda': 0.1, 'tau': 0.25}",critical
amazon-ratings,NodeFormer,42.67±0.77,11453.04,"{'seed': 42, 'gpu': '3', 'runs': 10, 'dataset': 'amazon-ratings', 'source': 'critical', 'epochs': 2000, 'lr': 0.001, 'l2_coef': 5e-05, 'patience': 100, 'nhidden': 32, 'undirected': True, 'self_loop': True, 'normalize': -1, 'layers': 1, 'model': 'NodeFormer', 'dropout': 0.2, 'num_layers': 2, 'num_heads': 1, 'nb_random_features': 30, 'use_bn': True, 'use_gumbel': True, 'use_residual': True, 'use_act': False, 'use_jk': False, 'nb_gumbel_sample': 10, 'rb_order': 2, 'rb_trans': 'sigmoid', 'use_edge_loss': True, 'lamda': 1, 'tau': 0.25}",critical

actor,IGNN,38.71±1.00,2.55,"{'row_normalized': False, 'nie': 'gcn-nie-nst', 'nrl': 'concat', 'lr': 0.001, 'h_feats': 512, 'l2_coef': 5e-05, 'nas_dropout': 0.0, 'nss_dropout': 0.8, 'clf_dropout': 0.9, 'n_epochs': 2000, 'n_hops': 1, 'n_layers': 1, 'early_stop': 100, 'n_intervals': 2, 'act': 'relu', 'layer_norm': True}",pyg
blogcatalog,IGNN,97.13±0.21,29.52,"{'row_normalized': True, 'nie': 'gcn-nie-nst', 'nrl': 'concat', 'lr': 0.001, 'h_feats': 512, 'l2_coef': 5e-05, 'nas_dropout': 0.5, 'nss_dropout': 0.8, 'clf_dropout': 0.9, 'n_epochs': 2000, 'n_hops': 10, 'n_layers': 1, 'early_stop': 100, 'n_intervals': 3, 'act': 'relu', 'layer_norm': True}",cola
flickr,IGNN,93.23±0.61,31.03,"{'nie': 'gcn-nie-nst', 'nrl': 'lstm', 'lr': 0.001, 'h_feats': 512, 'l2_coef': 5e-05, 'dropout': 0.8, 'dropout2': 0.9, 'n_epochs': 2000, 'n_hops': 10, 'n_layers': 1, 'early_stop': 100, 'n_intervals': 3, 'act': 'relu', 'layer_norm': True, 'row_normalized': True}",cola
squirrel,IGNN,43.89±1.79,70.55,"{'row_normalized': True, 'nie': 'gcn-nie-nst', 'nrl': 'concat', 'lr': 0.001, 'h_feats': 512, 'l2_coef': 5e-05, 'nas_dropout': 0.8, 'nss_dropout': 0.8, 'clf_dropout': 0.9, 'n_epochs': 2000, 'n_hops': 64, 'n_layers': 1, 'early_stop': 200, 'n_intervals': 3, 'act': 'relu', 'layer_norm': True}",critical
chameleon,IGNN,47.13±5.18,3285.72,"{'nie': 'gcn-nie-nst', 'nrl': 'max', 'lr': 0.001, 'h_feats': 512, 'l2_coef': 5e-05, 'dropout': 0.8, 'dropout2': 0.9, 'n_epochs': 2000, 'n_hops': 10, 'n_layers': 1, 'early_stop': 100, 'n_intervals': 3, 'act': 'relu', 'layer_norm': True}",critical
roman-empire,IGNN,86.07±0.60,239.17,"{'row_normalized': False, 'nie': 'gcn-nie-nst', 'nrl': 'lstm', 'lr': 0.001, 'h_feats': 300, 'l2_coef': 5e-05, 'nas_dropout': 0.2, 'nss_dropout': 0.2, 'clf_dropout': 0.2, 'n_epochs': 2000, 'n_hops': 1, 'n_layers': 5, 'early_stop': 100, 'n_intervals': 2, 'act': 'relu', 'layer_norm': True}",critical
amazon-ratings,IGNN,53.01±0.77,26.09,"{'row_normalized': True, 'nie': 'gcn-nie-nst', 'nrl': 'concat', 'lr': 0.001, 'h_feats': 300, 'l2_coef': 5e-05, 'nas_dropout': 0.0, 'nss_dropout': 0.5, 'clf_dropout': 0.9, 'n_epochs': 2000, 'n_hops': 6, 'n_layers': 1, 'early_stop': 100, 'n_intervals': 3, 'act': 'prelu', 'layer_norm': True}",critical
pubmed,IGNN,90.30±0.41,41.34,"{'row_normalized': True, 'nie': 'gcn-nie-nst', 'nrl': 'self-attention', 'lr': 0.001, 'h_feats': 500, 'l2_coef': 5e-05, 'nas_dropout': 0.2, 'nss_dropout': 0.8, 'clf_dropout': 0.9, 'n_epochs': 2000, 'n_hops': 4, 'n_layers': 1, 'early_stop': 300, 'n_intervals': 3, 'act': 'relu', 'layer_norm': True, 'loss': 'ce'}",pyg
photo,IGNN,95.75±0.38,21.38,"{'row_normalized': True, 'nie': 'gcn-nie-nst', 'nrl': 'self-attention', 'lr': 0.001, 'h_feats': 256, 'l2_coef': 5e-05, 'nas_dropout': 0.4, 'nss_dropout': 0.8, 'clf_dropout': 0.5, 'n_epochs': 2000, 'n_hops': 10, 'n_layers': 1, 'early_stop': 200, 'n_intervals': 3, 'act': 'relu', 'layer_norm': True, 'loss': 'ce'}",pyg
wikics,IGNN,86.09±0.48,126020.18,"{'nie': 'gcn-nie-nst', 'nrl': 'max', 'lr': 0.001, 'h_feats': 300, 'l2_coef': 5e-05, 'dropout': 0.2, 'dropout2': 0.9, 'n_epochs': 2000, 'n_hops': 3, 'n_layers': 1, 'early_stop': 200, 'n_intervals': 3, 'act': 'relu', 'layer_norm': True}",pyg
